filename,transcript
0001.wav,"இந்தியன் பாரஸ்ட் அபிஷியல்ஸ் ஒரு ப்ரொடெக்டடான காட்டு பகுதிக்குள்ள, அதாவது ரொம்பவுமே ஆபத்தான மிருகங்கள் இருக்குது."
0002.wav,"போலீஸ்க்கே இதுக்குள்ள போறதுக்கு பர்மிஷன் இல்ல. பாரஸ்ட் அபிஷியல்ஸ் உள்ள போறப்போ, திடீர்னு காட்டுக்கு நடுவுல, நல்ல மழை சத்தத்துக்கு நடுவுல, தண்ணி ஓடிட்டு இருக்குது. எப்ப எந்த பாறை உருளும்ன்னு தெரியாது."
0003.wav,"இதுக்கு நடுவுல, அவங்க நினைச்சு கூட பார்க்க முடியாத ஒரு காட்சியை பார்க்கறாங்க. ஒரு இயற்கையான குகை. பல மில்லியன் வருஷம் பழமையான ஒரு குகை. ஆனா, அந்த குகை கிட்ட பாத்தீங்கன்னா, துணி எல்லாம் காய போட்டிருக்குது."
0004.wav,"என்னடா அது அப்படின்னு பார்த்தா, இன்னைக்கு வீடியோவ நீங்க பல வருஷத்துக்கு மறக்க மாட்டீங்க. அந்த மாதிரி ஒரு விஷயம் உள்ளுக்குள்ள இருந்தது. இந்த மாதிரி ஏதாவது சாமியா இருந்திருப்பாங்க அப்படின்னு தானே யோசிக்கிறீங்க."
0005.wav,"நோ திருடன், நோ. உள்ள இருக்கிறது ஒரு ரஷ்யன் வுமன். நாற்பது வயசான நினா குட்டினா அப்படின்னு சொல்லப்படக்கூடிய இந்த ரஷ்யன் விமன், தனியா இந்த காட்டுக்குள்ள இருக்கிறது மட்டும் இல்லாம, அவங்களோட ரெண்டு குழந்தைங்க."
0006.wav,"பிரேமா அப்படின்னு சொல்லப்படக்கூடிய அவங்களோட ஆறு வயசு மகளும், ஆமா அப்படின்னு சொல்லப்படக்கூடிய அவங்களோட நாலு வயசு மகளும், மூணு பேரும் இந்த குகைக்குள்ள, இரண்டு ஆயிரத்து இருபத்து ஐந்து-ல, நம்ம எல்லாருமே ஏஐ அந்த மாதிரி வாழ்ந்துட்டு இருக்கோம்."
0007.wav,"யூட்யூப் எல்லாமே வந்து டெக்னாலஜிக்கலா போயிட்டு இருக்கற இந்த நேரத்துல, ரஷ்யாவை சார்ந்த இந்த பெண், இந்தியால, ரெண்டு பெண் குழந்தைகளோட, ஒரு காட்டுக்குள்ள, அதுவும் அடர்ந்த காடு, சுத்தி சுத்தி கிங் கோப்ரா சுத்திட்டு இருக்குங்கறாங்க."
0008.wav,"உள்ளுக்குள்ள நிறைய அனிமல்ஸ் இருக்குங்கறாங்க. சுத்தமா இங்க இருக்கறது பாதுகாப்பே கிடையாது. பாரஸ்ட் அபிஷியல்ஸே உள்ளுக்குள்ள போகறதுக்கு பயப்படக்கூடிய ஒரு காட்டுக்குள்ள, இந்த பெண் என்ன பண்ணிட்டு இருந்தாங்க?"
0009.wav,"அவங்க உள்ள இருக்கிறது மட்டும் இல்லாம, அந்த குகைக்குள்ள என்னென்ன இருக்குங்கறதே வந்து நிறைய பேருக்கு ஆச்சரியத்தை உருவாக்கி இருக்குது. அது மட்டும் இல்லாம, இவங்க இந்தியாலயே இருக்கறதுக்கு பர்மிஷன் கிடையாது."
0010.wav,"என்ன நடந்துட்டு இருக்குது? ஏகப்பட்ட கேள்விகள் இந்த கேஸ்ல இருந்து நம்மளுக்கு எந்திருக்குது. வெல், இன்னைக்கு வீடியோல, அது எல்லாத்தையுமே நான் உங்ககிட்ட டீடைல்டா சொல்ல போறேன். பட், அதை பார்க்க ஆரம்பிக்கிறதுக்கு முன்னாடி, அந்த குகைக்குள்ள என்ன இருந்துச்சு?"
0011.wav,"இவங்க யாரை உள்ளுக்குள்ள கும்பிடுட்டு இருந்தாங்க? ரெண்டு பெண் குழந்தைங்க யாரு? ஏன் இவங்க இந்த காட்டுக்குள்ள இருக்காங்க? இந்த எல்லா விஷயத்தையும் நான் இன்னைக்கு உங்ககிட்ட இந்த வீடியோல டீடைல்டா சொல்ல போறேன். பட், அதை பார்க்க ஆரம்பிக்கிறதுக்கு முன்னாடி, நீங்க இந்த சேனலை சப்ஸ்கிரைப் பண்ணலன்னா, சப்ஸ்கிரைப் பண்ணுங்க."
0012.wav,"அப்பனாதான் இந்த மாதிரி வேர்ல்டு ஃபுல்லா நடக்கக்கூடிய எல்லா விஷயத்தையும், என்னால டெய்லி உங்ககிட்ட, பத்து நிமிஷத்துல, சிம்பிளா வந்து சேர்க்க முடியும். சப்ஸ்கிரைப் பண்ணிட்டீங்களா, அப்பனாதான் யூட்யூப் உங்ககிட்ட நெக்ஸ்ட் டைம் இந்த கண்டென்ட் கரெக்டா வந்து சேர்க்கும்."
0013.wav,"இப்ப நான் உங்ககிட்ட ஒவ்வொன்னா எக்ஸ்பிளைன் பண்ண ஆரம்பிக்கிறேன். ஹலோ எவரிஒன், நான் மதன் கௌரி அண்ட் ஹலோ மை டியர் எம்ஜி ஸ்கவாட்."
0014.wav,"பர்ஸ்ட் விஷயம் என்ன அப்படின்னு பார்த்தீங்கன்னா, நான் என்ன நடக்குதுங்கறத சொல்ல ஆரம்பிச்சிறேன். நான் சொன்ன மாதிரி, அந்த பாரஸ்ட் அபிஷியல்ஸ் வந்து இந்த காட்டுக்குள்ள போறாங்கன்னு சொன்னேன்ல, இது எங்க இருக்குது அப்படின்னு பாத்தீங்கன்னால், ராமதீர்த்தா ஹில்ஸ் அப்படின்னு சொல்லப்படக்கூடியது வந்து கோகர்ணால இருக்குது."
0015.wav,கோகர்ணா நம்ம எல்லாருக்குமே தெரியும். ஒரு மிகப்பெரிய சிவன் வந்து கடல் கிட்ட வந்து உட்கார்ந்து இருக்கிற மாதிரி ஒரு பேமஸான ஒரு போட்டோ கூட நம்ம நிறைய இடத்துல பார்த்திருப்போம். இதுதான் கோகர்ணா.
0016.wav,"கோவா கிட்ட இருக்குது. கோவாக்கு போற வழியில, கண்டிப்பா எல்லாருமே ஒரு ஸ்பிரிச்சுவலா இன்ட்ரஸ்ட் இருக்கறவங்க வந்து சிவன் கோவிலுக்கு போயிட்டு போயிருப்பாங்க. அண்ட் இந்த கோகர்ணாங்கற இடம் சாதாரண இடம் கிடையாதுங்க. இது ஒரு நிறைய மித்தாலாஜிக்கல் ஸ்டோரீஸ் இது பின்னாடி இருக்குது."
0017.wav,"ஒரு சின்ன எக்ஸாம்பிள் சொல்லணும்னா, ராவணன் வந்து இந்த கோகர்ணால இந்த ராமதீர்த்தா ஹில்ஸ் கிட்டதான் வந்து ராவணன் ஓகேவா, சோ இலங்கையோட மன்னன்."
0018.wav,"அண்ட் ராவணன் கிளம்பி போனதுக்கு அப்புறம், ராமரும் வந்து ராவணனை தேடி போறப்போ இங்க இருக்கிற சிவனை வந்து கும்பிட்டுட்டு போயிருக்காங்க அப்படிங்கற ஒரு நம்பிக்கை இருக்குது. இங்க இருக்கிற சிவன் ஆட்டோமேட்டிக்காவே இங்க உருவாகி இருக்காங்க."
0019.wav,"சூயம்பு, ரொம்ப வருஷமாவே இங்க சிவன் இருக்காரு. இவர் எங்க இருந்துமே உருவாகல. எங்க இருந்து கொண்டு வரப்படல. இங்கதான் இருக்காருங்கிற நம்பிக்கை இருக்குது. சோ இந்த ஒரு இடத்தை வந்து நீங்க யோசிச்சு பாத்தீங்கன்னா, கோகர்ணாங்கற ஒரு இடத்துல இந்த ராமதீர்த்தா ஹில்ஸ் இந்த ஏரியால வந்து நம்பிக்கை எந்த அளவுக்கு இருக்கு."
0020.wav,நம்ம ஊர்ல திருவண்ணாமலை அளவுக்கு நம்பிக்கை இருக்குன்னு வச்சுக்கோங்களேன். சோ இங்க என்ன நம்புறாங்க. இங்கதான் வந்து ராவணன் வந்து சிவனை கும்பிட்டு வரம் வாங்கினது இங்கதான். ராமர் வந்து சிவனை கும்பிட்டது இங்கதான்.
0021.wav,"சிவன் இங்கதான் எப்பவுமே இருக்காருங்கிற இவ்வளவு ஸ்ட்ராங்கான பிலீப் இருக்கக்கூடிய இந்த ஒரு பர்டிகுலர் கோகர்ணாலதான் இது எல்லாமே நடக்குது. இந்த கோகர்ணால இருந்து கொஞ்ச தூரம் உள்ள காட்டுக்குள்ள போனோம்னா, ராமதீர்த்தா ஹில்ஸ் இருக்குது."
0022.wav,"இந்த ஹில்ஸ் வந்து, நான் சொன்ன மாதிரி, ரொம்ப டென்ஸான அடர்ந்த காடு பகுதி, அண்ட் நிறைய கிங் கோப்ராஸ் ஈஸியா பார்க்கக்கூடிய பகுதி, ஓகேவா. இந்த இடத்துக்குள்ளதான் வந்து பாரஸ்ட் அபிஷியல்ஸ் இவங்களை பார்த்த உடனே, போலீஸ் அலர்ட் பண்றாங்க."
0023.wav,"பாரஸ்ட் அபிஷியல்ஸ் வந்துறாங்க. எல்லாருமே வந்து அலர்ட் பண்ணி, முதல்ல இவங்க கிட்ட கேக்குறாங்க. யார் நீங்க? யார் நீங்கன்னு கேட்ட உடனே, ஃபைனலி அங்க இருந்து குரல் வருது."
0024.wav,"இங்க இருக்க எந்த பிரச்சனையுமே இல்ல, நானும் என்னோட மகள்களும் சந்தோஷமா இருக்கும் அப்படின்னு சொல்லிட்டு, உள்ள இருக்கற நினா குட்டினா சொல்றாங்க, பரலுக்கு இங்க இருந்து பாரஸ்ட் டிபார்ட்மென்ட் சொல்றாங்க, இல்லைங்க, நீங்க வாங்க, இந்த இடத்துல வந்து நிறைய ஆபத்துகள் இருக்குது, நிறைய பாம்புகள் இருக்குது."
0025.wav,"அண்ட் இப்ப மழை பெய்றதுனால, லேண்ட்ஸ்லைட் எப்பனாலும் அடிச்சிட்டு போகோம். கர்நாடகால நம்மளுக்கு ஈஸியா தெரியும். போன வருஷமே வந்து பாத்தீங்கன்னால், ஒரு நம்மளே நம்ம சேனல்ல பேசி இருக்கோம். லேண்ட்ஸ்லைட் அந்த ரோட்ல போயிட்டு இருக்கப்போ, ஒரு ட்ரக் வந்து கம்ப்ளீட்டா அடிச்சிட்டு போயிடுச்சு."
0026.wav,"உங்களுக்கு ஞாபகம் இருந்திருக்கும். சோ, இந்த சைடுலாம் வந்து லேண்ட்ஸ்லைட் ப்ரோன், ஓகேவா, ரொம்ப ஆபத்தான பகுதி. நீங்க வாங்க, இதுக்குள்ள நீங்க இருக்க கூடாது. வாங்க வாங்க அப்படின்னு உடனே, ரொம்ப நேரம் அவங்க யோசிச்சுக்கிட்டு, ஃபைனலி அக்ரீ பண்ணி வராங்க."
0027.wav,"வந்த உடனே, கிட்ட இருக்கற ஒரு ஆசிரமத்துல இந்த ரஷ்யன் விமன் நினா குட்டினா, நாற்பது வயசு ஆகுது அவங்களுக்கு. அவங்க அப்புறம், பிரேமா அப்படிங்கிற ஆறு வயசு குழந்தை, அண்ட் ஆமா அப்படிங்கிற நாலு வயசு குழந்தை, எல்லாருமே வந்து கிட்ட இருக்கற ஒரு ஆசிரமத்துக்கு மூவ் பண்ணப்படுறாங்க."
0028.wav,"இப்ப இந்த கேவ் உள்ள போய் நீங்க பார்த்தீங்கன்னால், மொத்தமே வந்து ஒரு ரெண்டு பேர் படுக்கக்கூடிய சைஸ் தான் இருக்குது. சின்ன கேவ். ஒன்னும் பெரிய டீப்பான கேவ்ல்லாம் கிடையாது. ரொம்ப சின்ன கேவ். இந்த குகைக்குள்ள பாத்தீங்கனால், தரையில எதுவுமே வந்து பெட், ஒரு ஹைட் எதுவுமே கிடையாது."
0029.wav,"காட்டுக்குள்ள அப்படியே மண்ணோட மண்ணா தரை இருக்குது. அண்ட் இதுகிட்ட பாத்தீங்கன்னா, வந்து ஒரு சாமி சிலைய வச்சிருக்காங்க. மேல வந்து ஒரு சாமி படம் வச்சிருக்காங்க. அண்ட் ரஷ்யன் புக்ஸ் வந்து நிறைய இருக்குது."
0030.wav,"அதாவது, ஹிந்துயிஸம் பத்தின ரஷ்யன் புக்ஸ். ரஷ்யன் லாங்குவேஜ்ல, ஆனா ஹிந்துயிஸம் பத்தின புக்ஸ் வந்து அவங்கள சுத்தி நிறைய இருக்குது. அப்புறம், நேச்சுரல் லைட் வர்றதுக்கு கொஞ்சம் இடம் விட்டுருக்காங்க. பிளஸ் ஒரே ஒரு பிளாஷ் லைட்."
0031.wav,"இதுதான் உள்ளுக்குள்ள இருக்கிறது. இப்ப சா ப்பாடுக்குள்ள இவங்க என்ன பண்ணிட்டு இருந்தாங்கன்னு கேட்டீங்கன்னா, சுத்தி நிறைய கப் நூடுல்ஸ் இருக்குது. அப்புறம், எப்பவாவது கோகர்ணா மெயின் அந்த கோவில் கிட்ட போயிட்டு வரப்போ, இருக்கக்கூடிய ஒன்னு ரெண்டு சா ப்பாடு பொருட்கள் இருக்குது."
0032.wav,"அவ்வளவுதான். இந்த ரிசோர்ஸ் மட்டுமே வச்சுக்கிட்டு, காட்டுக்குள்ள, இரண்டு ஆயிரத்து இருபத்து ஐந்து-ல, இந்த அம்மா வந்து ரெண்டு பெண் குழந்தைகளை, ரெண்டு மாசமா வச்சு வளர்த்துருக்காங்க."
0033.wav,"ரெண்டு மாசமா? அத நான் அப்ப அதுக்கு முன்னாடி அப்படின்னுதான கேக்குறீங்க. இப்ப நான் இவங்களை பத்தி உங்ககிட்ட சொல்ல ஆரம்பிக்கிறேன். நினா குட்டினா அப்படிங்கற இவங்க வந்து, இந்தியாவுக்கு, இரண்டு ஆயிரத்து பதினாறு காலகட்டத்துல, தட் இஸ் ஆல்மோஸ்ட் பத்து இயர்ஸ் அகோ, வந்து ஒரு பிஸினஸ் விசால கோவாவுக்கு வந்திருக்காங்க."
0034.wav,"இவங்களுக்கு வந்து வீசா எக்ஸ்பயர் ஆயிடுச்சு, அக்டோபர் இரண்டு ஆயிரத்து பதினாறு வந்திருக்காங்க, அண்ட் இரண்டு ஆயிரத்து பதினேழு ஏப்ரல் பதினேழு வந்து இவங்களுக்கு வீசா எக்ஸ்பயர் ஆயிடுச்சு, ஓகேவா."
0035.wav,"சோ, எக்ஸ்பயர் ஆனதுக்கு அப்புறம், இவங்க வந்து ஆனா எக்ஸ்ட்ராவா இருந்திருக்காங்க இந்தியால. பட், ஒரு வழியா கொஞ்ச நாள் கழிச்சு வந்து, இவங்க நேபாள் போயிடுறாங்க."
0036.wav,"நம்ம இப்போ ட்ரம்ப் பத்தி பேசுறோம் இல்ல. இந்தியன்ஸ் வந்து ஓவர் ஸ்டே பண்ணிட்டாங்க, நாங்க வெளிய அனுப்பிச்சிருவோம், அரெஸ்ட் பண்ணுவோம். சோ, இந்தியாவலையும் அதே ரூல்ஸ்தான். வெளிநாட்டுல இருந்து ஒருத்தங்க உள்ள வந்தாங்கன்னா, சொன்ன ரூல்ஸ் ஃபாலோ பண்ணு, எக்ஸ்ட்ராவா எல்லாம் இருக்காதாங்கறதுதான் ரூல்ஸ்."
0037.wav,"சோ, இவங்க என்ன பண்றாங்கன்னு பாத்தீங்கன்னா, நேபாளுக்கு எக்ஸிட் ஆயிருக்காங்க. இந்தியாவுக்கு எக்ஸிட் ஆயிட்டாங்க. பட், நேபாள்ல இருந்து மறுபடியும் இந்தியாவுக்கு இல்லீகலா உள்ளுக்குள்ள வந்துருக்காங்க. எப்போ? இரண்டு ஆயிரத்து பதினேழு-ல."
0038.wav,"விச் இஸ் எட்டு இயர்ஸ் அகோ. இரண்டு ஆயிரத்து பதினேழு-ல இருந்து இன்னைக்கு வரைக்கும், அவங்க இந்தியால இல்லீகலா இருந்திருக்காங்க. இந்தியாலயே ரெண்டு குழந்தைகளும் பிறந்திருக்காங்க."
0039.wav,"இவங்க வந்து ரஷ்யன் குழந்தைங்க கிடையாது. ஆனா, இந்தியன் குழந்தைகளும் கிடையாது. புரியலைல, இன்னும் எக்ஸ்பிளைன் பண்றேன்."
0040.wav,"ட்ரம்போட மொழில சொல்ல, ஏலியன் இந்தியால இருக்க கூடாத ஒருத்தங்க, கரெக்டா, ஏன்னா வீசா எக்ஸ்பயர் ஆயிடுச்சு."
0041.wav,"அவங்க இந்தியால பிறந்ததுனால, ரஷ்யால பிறக்கலங்கறதுனால, ரஷ்யன் கவர்மென்ட் அவங்களுக்கு ரஷ்யன் சிட்டிசன்ஷிப் கொடுக்காது, யாரு இந்த ரெண்டு பெண் குழந்தைகளுக்கு. சோ, இப்ப இனிமே நம்ம வந்து என்ன நடக்குதுங்கறத வெயிட் பண்ணி பா ப்போம்."
0042.wav,"ரெண்டு கண்ட்ரியோட ரூல்ஸும் தெளிவா இருக்குது. இப்ப அடுத்த விஷயம் என்னன்னு பாத்தீங்கன்னால், ஏன்னா அவங்க இங்க வந்து எப்படி அவங்க இல்லீகலா இருக்காங்களோ, அந்த ரஷ்யன் பெண் வந்து ரஷ்யால இருந்து வெளியில இல்லீகலாதான் இருக்காங்க."
0043.wav,"ஏன்னா, அவங்க வீசா வந்து ரஷ்யாவுக்கும் இந்தியாவுக்கும் இருக்கற அக்ரிமென்ட் கரெக்ட்டா, இவங்க திருப்பி போயிடுவாங்கன்னு. அங்கேயுமே வந்து அவங்க ஈஸியா அக்ஸெப்ட் பண்ணுவாங்கன்னு எம்பஸில இருந்துகிட்டு, அவங்களுக்கு பெருசா சப்போர்ட் பண்ணுவாங்கன்னு தோணலன்னுதான் மீடியாலல்லாம் நம்மளால பார்க்க முடியுது."
0044.wav,"இவ நெக்ஸ்ட் ஸ்டெப் என்னன்னு பாத்தீங்கன்னா, இவங்க இங்க இருக்காங்க. ரெண்டு குழந்தைங்க வந்து அப்பா எங்க இருக்காங்க அப்படிங்கற கேள்விக்கு வந்து, அவங்க இன்னும் பதில் சொல்லல. அவங்க வந்து சொல்ல முடியாது அப்படிங்கறதுல ரொம்ப தெளிவா இருக்காங்க."
0045.wav,"அது அவங்களோட பிரைவசி, நம்ம அத ரெஸ்பெக்ட் பண்ணலாம். அதுக்கு அடுத்த ஸ்டெப் என்னன்னு பார்த்தீங்கன்னா, ஏன் இங்க இருக்கீங்க அப்படிங்கிற கேள்விக்கு வந்து அவங்க என்ன சொல்றாங்கன்னா, எனக்கு வந்து இங்க மிகப்பெரிய ஒரு எனர்ஜி இருக்குது, எனக்கு ஒரு சோல் இருக்குது."
0046.wav,"எனக்கு வந்து இங்க இருக்கற ஸ்பிரிச்சுவாலிட்டி கனெக்ட் ஆகுது. அதனால நான் இங்க இருக்கேன் அப்படின்னு இருக்காங்க. இவங்க உண்மையிலேயே இததான் சொல்றாங்களா, இல்ல வந்து நம்ம சொல்ல முடியாது. ஏதாவது ஒரு மிகப்பெரிய நாட்டுல வந்து ஏதாவது ஒரு அந்த நாட்டில இருந்துகிட்டு தப்பிச்சு இங்க வந்தவங்கள, எதுவுமே நம்மளுக்கு தெரியாது, கரெக்டா."
0047.wav,இங்க இருக்கற போலீஸ் எல்லா ஆங்கிள்லயும் கேட்கதான் செய்வாங்க.
0048.wav,"அந்த மெசேஜ் வந்து, நான் உங்களுக்கு ட்ரான்ஸ்லேட் பண்றேன். பர்ஸ்ட், அந்த இங்கிலீஷ்ல நான் சொல்ல சொல்ல, அப்படியே ட்ரான்ஸ்லேட் பண்ணிக்கிறேன். அவங்க சொல்றாங்க, அதாவது, கா ப்பாற்றி வந்து, அவங்கள வந்து முதல்ல எங்க வைக்கிறாங்க, ஒரு ஆசிரமத்துல வைக்கிறாங்க."
0049.wav,"ஆசிரமத்தில இருந்து, விமன் போலீஸ் ஸ்டேஷன்க்கு எல்லாம் கொண்டு போயிடுறாங்க."
0050.wav,"அண்ட், எங்களை வந்து தரையில இப்படி உட்கார வச்சுக்கிட்டு, இந்த ஹார்ட் தரைய எல்லாம் கொடுத்துக்கிட்டு, எங்களை காட்டுக்குள்ள இருந்த பாம்பு கிட்ட இருந்து, மழை மழை கிட்ட இருந்தும் கா ப்பாத்துறோம்ங்கறாங்க."
0051.wav,"ஐ வாண்ட் டு ஷேர் வித்து யு சாலிட் நாலெட்ஜ் பேஸ்டு ஆன் மெனி இயர்ஸ் ஆஃப் ரியல் எக்ஸ்பீரியன்ஸ் ஆஃப் லிவிங் இன் தி ஜங்கிள். நான் உங்ககிட்ட எல்லாம் வந்து காட்டுக்குள்ள வாழ்றதோட உண்மையான எக்ஸ்பீரியன்ஸ்ல இருந்து, நான் எக்ஸ்பிளைன் பண்ணனும்."
0052.wav,"அண்டர் தி ஓபன் ஸ்கை, வானத்தை பார்த்து, இந்த ஹார்மனி வித்து நேச்சர், இயற்கையோட வாழ்றதுங்கறது, ரொம்ப அழகான ஒரு விஷயம். நாட் ஒன்ஸ் இன் அர் ஐயர், தட் டிட் அ ஸ்னேக் எவன் ஹார்ம்ஸ்."
0053.wav,"இத்தனை வருஷம் நான் காட்டுக்குள்ள இருந்திருக்கேன். எனக்கு பல வருஷ எக்ஸ்பீரியன்ஸ் இருக்குது. ஆனா, இவ்வளவு வருஷம் எனக்கு இருந்த எக்ஸ்பீரியன்ஸ்ல, ஒரு பாம்பு கூட எங்களை வந்து எங்களை பயமுறுத்துனது கிடையாது, எங்களை வந்து தாக்குனதும் கிடையாது."
0054.wav,"எங்களை காயப்படுத்தினதே கிடையாது, எந்த பாம்பும். ஒரு அனிமல் எங்களை தாக்குனது கிடையாது. ஒரு அனிமல் கூட எங்களை அட்டாக் பண்ணது கிடையாது. இத்தனை வருஷம் நாங்க வந்து பயந்தது மனிதர்களை பார்த்துதான்."
0055.wav,"இந்த அனிமல்ஸையோ, இங்க இருக்கற பாம்பையோ, இல்ல இங்க இருக்கற மழையவோ பார்த்து கிடையாது. இத பதிங் தட் நேச்சர் கவ்ஸ். மழைதான் வந்து இயற்கை நம்முக்கு கொடுக்கக்கூடிய இருக்கறதுலயே புனிதமான ஒரு விஷயம்."
0056.wav,"லிவிங் இன் தி ரெயின், ஹேவிங் அ கம்ஃபர்டபிள் பிளேஸ் இஸ் அ கரேட் ஜாய் அண்ட் ஸ்ட்ரெங்த் அண்ட் ஹெல்த். காட்டுக்குள்ள இந்த மாதிரி மழையோட இருக்கிறது, ஒரு மிகப்பெரிய சந்தோஷத்தையும், ஒரு மிகப்பெரிய ஸ்ட்ரெங்தையும், ஒரு மிகப்பெரிய ஆரோக்கியத்தையும் கொடுக்குது."
0057.wav,"ஒன்ஸ் அகைன், ஈவில் ஹாஸ் வன், மறுபடியும் இங்க இருக்கற தீய சக்திதான் ஜெயிச்சிருச்சு. பட், வி சின்ஸியர்லி விஷ் எவரி ஒன் ஆஃப் யு அ குட் லைஃப். பட், நாங்க வந்து, நாங்க மூணு பேரு, நாங்க மனசார உங்க எல்லாருக்கும் ஒரு நல்ல வாழ்க்கையை விஷ் பண்றோம்."
0058.wav,"நீங்க எல்லாருமே கைண்ட்னஸோட, சுதந்திரத்தோட, சந்தோஷமா இருக்கணும்னு."
0059.wav,"இட்ஸ் எ லாங் மெசேஜ், நான் மீதி உங்ககிட்ட சொல்றேன், இங்க இருக்கற பாம்புகள்தான் வந்து பாதிச்சிரும்னு நினைக்கிறாங்க, அங்க இருக்கற பாம்புகளை விட, இங்க இருக்கற மனுஷங்கதான் ஆபத்தா இருக்காங்க, அண்ட் பாம்பு வந்து, நீங்க சொல்ற மாதிரி, ஒரே நேரத்துல ஒரு முப்பது நாற்பது எல்லாம் வராது."
0060.wav,"இங்க, போலீஸ் ஒரே நேரத்துல வந்தாங்களே, அந்த மாதிரியே பாம்பு வரும்னு நினைச்சுக்கிட்டாங்க. அதே சொல்றாங்க, அவங்க இங்க போலீஸ் வந்து இப்படி கூட்டம் கூட்டமா வராங்கள, அந்த மாதிரி பாம்பு எல்லாம் வராது. இவங்கள பார்த்தாதான் பயமா இருக்குது, அந்த பாம்பை பார்த்தா பயமா இல்லை எங்களுக்கு."
0061.wav,"அது எங்கள இத்தனை நாள்ல, அங்க காட்டுக்குள்ள இருந்தப்ப, மொத்தமே அது மூணு தடவை, நாலு தடவை பார்த்திருப்போம். இப்ப, அதோட சீசன்ல மட்டும் தான் அது வந்துட்டு போகுது."
0062.wav,"அவங்க என்ன சொல்றாங்கன்னா, இங்க காட்டுக்குள்ள இருக்கறது எங்களுக்கு ரொம்ப சுதந்திரமா, சந்தோஷமா, நிம்மதியா இருக்குது. இவங்க மனிதர்களோட வாழ்றதை விடன்னு, அந்த பெண் சொல்றாங்க."
0063.wav,"ஏன்னா, அந்த குழந்தைங்க வந்து எலக்ட்ரிசிட்டிய பார்கறாங்க. அந்த குழந்தைங்க வந்து ஒரு ஏசி ஃபீல் பண்றாங்க. இந்த மாதிரி டெக்னாலஜி, இன்னைக்கு இருக்கற மாடர்ன் லைஃப் பாக்குறப்போ, அந்த குழந்தைங்க வந்து ஹாப்பியா இருக்காங்க அப்படின்னு சொல்லிட்டு, சில ரிப்போர்ட்ஸ்ல போட்டுருக்காங்க."
0064.wav,"பட், அவங்க அம்மா, அது எல்லாத்துக்கும் கான்ட்ரடிக்ஷனா, இங்க இருக்கற பில்டிங் எல்லாமே வந்து, நீங்க பாம்புகள் கிட்ட இருந்தும், இந்த அனிமல்ஸ் கிட்ட இருந்தும், மலை கிட்ட இருந்து தான கா ப்பாத்துறீங்க. இதுதான் நிம்மதியான வாழ்க்கையா?"
0065.wav,"அப்படிங்கிற ஒரு கேள்வியை மட்டுமே வந்து, அவங்க பிரெண்டுக்கு ரஷ்யால இந்த மெசேஜா அனுப்பிச்சத வந்து, அதையுமே நம்ம ரிப்போர்ட்டரா பார்க்க முடியுது. இது எப்படி மீடியாக்கு வந்துச்சுன்னு தெரியல. பட், அதுவுமே இந்தியன் எக்ஸ்பிரஸ்ல ரிப்போர்ட் பண்ணி இருக்காங்க."
0066.wav,கிட்டத்தட்ட இருபத்து ஐந்து இயர்ஸ்க்கு முன்னாடி இந்தியாவோட பிக்கஸ்ட் பிக்கஸ்ட் கருப்பு நாள் பிளாக் டே வந்து தமிழ்நாட்டுல நடந்துச்சு. அதுவும் சென்னை கிட்ட நடந்துச்சு.
0067.wav,"இந்தியாவோட ஃபர்ஸ்ட் பிரைம் மினிஸ்டரோட பேரன், இந்தியாவோட ஃபர்ஸ்ட் விமன் பிரைம் மினிஸ்டரோட பையன், இந்தியாவோட எங்கஸ்ட் பிரைம் மினிஸ்டர் ராஜீவ் காந்தி வந்து கொல்லப்பட்டாங்க."
0068.wav,அண்ட் இன்னைக்கு வீடியோல உங்ககிட்ட அந்த நாள் என்ன நடந்துச்சு? அண்ட் இவங்க கொல்லப்பட்டாங்கன்னு சொன்னப்ப வந்து ஏதோ வீட்டுக்குள்ள இருக்கறப்பமோ இல்ல வந்து டூர் போனப்பமோ கிடையாது.
0069.wav,"ஒரு எலக்ஷன் ராலி இன்பேக்ட், அதைக்குதான் கடைசி நாள், அந்த ஒரு மணி நேரம் அந்த ராலிய நடத்த முடியலன்னா எலக்ஷன் கமிஷன் ரூல்ஸ் படி அதுக்கப்புறம் ரேலியா நடத்த முடியாது."
0070.wav,"தமிழ்நாட்டுல ப்ராபப்லி அவர் இப்ப உயிரோட கூட இருந்திருக்கலாம். எல்லாமே அவருக்கு வான் பண்ணப்பட்டும், போயிடாதீங்க, போயிடாதீங்கன்னு சொல்லியும், அவர் ஏன் அங்க வந்தாரு?"
0071.wav,"இன்னைக்கு வீடியோல அதுவும் தமிழ்நாட்டில எப்படி இறந்தாருங்கறத உங்ககிட்ட நான் டீடைல்டா சொல்ல போறேன். உலகத்திலேயே முதல் முறையா தற்கொலை படைய வச்சு இறந்து போனது இவ்வளவு பெரிய தலைவர்ங்கிறது உலகத்திலேயே அதுதான் முதல் முறை, ஓகேவா."
0072.wav,இங்க தமிழ்நாட்டுல தான் அது நடத்தப்பட்டிருக்குது. எப்படிங்கறத உங்ககிட்ட ஓவனா சொல்ல ஆரம்பிக்கிறேன்.
0073.wav,"அப்போனாதான் அல்கோரிதம் உங்ககிட்ட கரெக்டா இந்த கண்டென்ட்ட வந்து நெக்ஸ்ட் டைம் நான் போஸ்ட் பண்றப்போ ஈஸியா சேர்க்கும். ஹலோ எவரிஒன், நான் மதன் கௌரி அண்ட் ஹலோ மை டியர் எம்ஜி ஸ்கவாட்!"
0074.wav,"ராஜீவ் காந்தி வந்து இந்தியாவோட பிரைம் மினிஸ்டரா நாற்பது வயசுல ஆகுறாரு, ஓகேவா. அவரோட ஆட்சி காலம் முடிவடைஞ்சு, அதுக்கப்புறம் அவர் எலக்ஷன்ல தோத்து, அவர் மறுபடியும் எலக்ஷன்ல ஜெயிக்க முடியும்னு ப்ரூவ் பண்ண வேண்டிய ஒரு காலகட்டம்."
0075.wav,"சோ ஃபர்ஸ்ட் எலக்ஷன் ஜெயிக்கிறாரு, இந்தியாவோட எயங்கஸ்ட் பிரைம் மினிஸ்டர் ஆகுறாரு, பிகாஸ் அதுக்கு கொஞ்ச நாளுக்கு முன்னாடிதான் அவங்க அம்மா இறந்து போறாங்க. இந்திரா காந்தி அவங்க இறந்து போயிருக்காங்க. சோ இவர் பவருக்கு வந்து அடுத்த எலக்ஷன்ல தோத்து போயிடுறாரு."
0076.wav,சோ மூணாவது எலக்ஷன்ல இவர் பபேஸ் பண்ணக்கூடிய தேர்ட் எலக்ஷன்ல கண்டிப்பா ஜெயிக்கணும். நான் காங்கிரஸ திருப்பி கொண்டு வந்து காமிக்கிறேன் அப்படிங்கிற ஒரு கன்விக்ஷனோட பயங்கரமா கேம்பெயின் பண்றாரு.
0077.wav,"எந்த இடத்துல எல்லாம் காங்கிரஸ் கட்சிக்காரங்க நிக்கிறாங்களோ, எல்லார் கிட்டயும் டைரக்டா அவங்களோட தொகுதிக்கே போய், இன்னைக்கெல்லாம் நம்ம பார்த்தோம்னா, ஸ்டேட்டுக்கு ஒரு மாநாடு நடத்துவாங்க, தலைவர்கள் அங்க மட்டும் வந்துட்டு போயிடுவாங்க."
0078.wav,"பட் அவர் என்ன யோசிச்சாருன்னா, நான் ஒரு ஒரு தொகுதிக்கும் போறேன், முடிஞ்ச அளவுக்கு மேக்ஸிமம் டிராவல் பண்றேன், மக்கள் கிட்ட டைரக்டா கனெக்ட் ஆகுறேன் அப்படின்னு சொல்லிட்டு, ஒரு மிகப்பெரிய எஃபர்ட்ட போட்டு, அந்த எலக்ஷனை ஜெயிக்கணும்னு ஒரு வர்க் பண்ணிட்டு இருந்தாரு."
0079.wav,அந்த எலக்ஷன் டயத்துல வந்து இருபத்து ஒரு மே ஆயிரத்து தொள்ளாயிரத்து தொண்ணூற்று ஒன்னு தான் வந்து தமிழ்நாட்டுல கேம்பெயின் பண்றதுக்கான கடைசி நாள். இன்னும் ரெண்டு நாள்ல தமிழ்நாட்டுல எலக்ஷன் நடக்க போகுது.
0080.wav,"சோ லாஸ்ட் டே அன்னைக்கு அவரு காலையில வந்து விசாகப்பட்டினத்துல இருக்காரு, அங்க வந்து ஒரு ராலில இருக்காரு."
0081.wav,இன்னைக்கு ஸ்ரீபெரும்பதூரே சென்னைன்னுதான் சொல்லிட்டு இருக்காங்க. சோ அந்த மாதிரி இருக்கக்கூடிய ஒரு தொகுதியில வந்து ஒரு மிகப்பெரிய கூட்டம் வந்து ஆர்கனைஸ் பண்ணப்படுது.
0082.wav,"நான் ஆல்ரெடி சொன்ன மாதிரி, ராஜீவ் காந்தி எப்படியாவது நம்ம இந்தியால மறுபடியும் பிரைம் மினிஸ்டர் ஆகணும்ங்கிற ஒரு வெறி இருக்கறப்போ, அவர் வந்து எவ்வளவு தூரம் ஓட்டினாலும் பரவாயில்லை, நான் வரேன்னு சொல்லுங்க அப்படின்னு சொல்லிட்டு, லாஸ்ட் மினிட்ல கன்ஃபார்ம் பண்ணப்பட்ட ஒரு இடம்தான் ஸ்ரீபெரும்புதூர்."
0083.wav,"சோ, லாஸ்ட் மினிட்ல கன்ஃபார்ம் பண்ணப்படுறதுனால, எப்பவுமே ஒரு இடத்துக்கு தேவையான போலீஸ் ப்ரொடெக்ஷன் முதல்ல இருந்தே எஸ்பிஜி போயிடுவாங்க. சோ, முதல்லயே வந்து ஃபுல்லி இடத்தை ஸ்கேன் பண் ணிடுவாங்க."
0084.wav,"அண்ட் ராஜீவ் காந்தி வந்து ஆல்ரெடி பாத்தீங்கன்னா, ஒரு ஹை ரிஸ்க் இன்டிவிஜுவல், பலமுறை வந்து அவரோட உயிருக்கு ஆபத்து இருக்கு அப்படின்னு சொல்லிட்டு, ஏகப்பட்ட இன்பர்மேஷன்ஸ் வந்துட்டு இருக்குது, உள்நாட்டுக்குள்ள இருந்து மட்டும் இல்ல, வெளிநாடுகள்லயும், வெளிநாட்டில இருக்கற சில அரசாங்கங்கள் கிட்ட இருந்து கூட, அவருக்கு பத்திரமா இருந்துக்கணும் அப்படின்னு சொல்லிட்டு, ஏகப்பட்ட விஷயங்கள் அவர்கிட்ட சொல்லப்பட்டுகிட்டே இருக்குது."
0085.wav,"இந்தியன் கவர்மென்ட் கிட்ட சொல்லப்பட்டுகிட்டே இருக்குது. சோ, ராஜீவ் காந்தி இஸ் ஹை ரிஸ்க் இன்டிவிஜுவல்ங்கறது ரொம்ப எஸ்டாப்ளிஷ்டா இருந்துட்டு இருக்குது."
0086.wav,"அவர் கன்ஃபார்ம் பண்ணது மட்டும் இல்லாம, விசாகப்பட்டினத்தில இருந்து அந்த பிளைட் டேக் ஆஃப் ஆக போகுது. யோசிச்சு பாருங்க, அன்னைக்கு ராத்திரி அவர் இறந்து போக போறாரு. விசாகப்பட்டினத்தில இருந்து அந்த பிளைட் டேக் ஆஃப் ஆகுறப்போ, பிளைட்ல டெக்னிக்கல் ஸ்னாக்."
0087.wav,"யுனிவர்ஸ் இதை விட ஒரு பெரிய சைன் கொடுக்க முடியுமான்னு தெரியல. அவருக்கு பிளைட்ல கோளாறு, அந்த பிளைட் வந்து டேக் ஆஃப் ஆக முடியாது, லேட் ஆகும் அப்படின்னு சொல்றாங்க. அவர் அங்கேயே உட்கார்ந்துட்டு இருக்காரு, எங்க பிளைட் கிட்டயே உட்கார்றாரு, ஓகேவா."
0088.wav,"அந்த நேரத்துல வந்து எல்லாரும் வந்து சொல்றாங்க, இல்ல சார், நம்ம கிளம்பிடலாம், டெல்லி போயிடலாம், ஏன்னா நிறைய பேர் வந்து தமிழ்நாட்டுக்கு போறது, இந்த நேரத்துல போறது உங்களுக்கு நல்லது இல்லைன்னு சொல்றாங்க, இன்குலூடிங் தமிழ்நாடோட பொருந்த கவர்னர் வரைக்குமே வந்து சொல்லிட்டாரு, இல்ல நீங்க இப்போதைக்கு தமிழ்நாட்டுக்கு வரது உங்களுக்கு நல்லது இல்லை, உங்களோட உயிருக்கு ஆபத்து இருக்குது அப்படிங்கறத சொல்லிட்டாங்க."
0089.wav,"ராஜீவ் காந்தி வந்து யார் சொல்றதையும் கேட்காம, இல்ல நான் கண்டிப்பா வருவேன்னு சொல்றாரு, சொன்னது மட்டும் இல்லாம செய்யவும் செய்றாரு. சென்னை வந்து சேர்றாரு. ஆஃப்டர்நூன்ல இருந்து ஈவினிங் வரைக்கும் பாத்தீங்கன்னா, ஏகப்பட்ட மீட்டிங்ஸ் முன்ன பின்ன எல்லாமே போயிட்டு இருக்குது."
0090.wav,"ஃபைனலி ஒரு ரோட் ஷோ, ஸ்ரீபெரும்புதூருக்கு ரோட் வழியா போறாரு, போற வழியில எல்லாரு கிட்டயும் கை காமிச்சிட்டு போறாரு. ராத்திரி நேரம் பத்து மணிக்கு வந்து ஸ்ரீபெரும்புதூர்ல இந்த கூட்டத்துக்கு வந்து சேர்றாரு."
0091.wav,"சோ இந்த கூட்டத்தை பத்தி நம்ம ஒரு செகண்ட் பார்த்துப்போம். இந்த கூட்டமோட அமைப்பே எப்படி இருக்குன்னு பாத்தீங்கன்னால், ஸ்டேஜ் சென்டர்ல இருக்குது, ஒரு பெரிய சர்க்கிள் மாதிரி வந்து முன்னாடி எல்லாரும் உட்கார்றதுக்கு நிக்கறதுக்கு எல்லாம் வந்து இடம் கொடுத்துருக்காங்க, அது எல்லாத்தையுமே பேரிகேட் போட்டுருக்காங்க."
0092.wav,"அண்ட் ரெண்டு முக்கியமான ஸ்பாட்ஸ் இருக்குது, ஒன்னு ஃபுல்லா ரெட் கார்பெட், ஓகேவா, ரெட் கார்பெட் உள்ள போட்டு, அங்க வந்து மேடை, இவர் என்டர் ஆகி அப்படி போய் மேல நிக்கிறதுக்கு, சைடுல மக்கள் நிக்கிறதுக்கு இடம்."
0093.wav,"இதுல ஸ்டார்ட்டிங்ல வந்து ஒரு வெல்கம் ஏரியா அப்படின்னு ஒன்னு வச்சு, அங்க எக்ஸ்ட்ராவா ப்ரொடெக்ஷன்லாம் போட்டு, அங்க போலீஸ்லாம் நின்னு, ஏன்னா இந்த வெல்கம் ஏரியா அப்படிங்கற இடத்துல இந்த ரெட் கார்பெட் என்டர் ஆன உடனே இருக்குல்ல, இங்க வந்து ராஜீவ் காந்தி வந்த உடனே அங்க இருக்கற மக்கள் கூட இன்டராக்ட் பண்ணிட்டுதான் அவர் வந்து ஸ்டேஜ் நோக்கி போக போறாரு."
0094.wav,"சோ இந்த வெல்கம் ஏரியால வந்து போலீஸ் ப்ரொடெக்ஷன் எக்ஸ்ட்ராவே போடப்பட்டிருக்குது. அண்ட் இது எல்லாத்துக்கும் முன்னாடி இந்த ரெட் கார்பெட்லாம் ஆரம்பிக்கிறதுக்கு முன்னாடி பாத்தீங்கன்னா, இந்திரா காந்திக்கு வந்து ஒரு சிலையும் அங்க இருக்கு அப்படிங்கறாங்க, இந்திரா காந்தியோட ஒரு உருவம் அங்க இருக்குது."
0095.wav,"சோ வந்து அவங்க அவரு அங்க மாலை போட்டுட்டு, அதுக்கப்புறம் உள்ளுக்குள்ள அவர் என்டர் ஆகுற மாதிரிதான் செட் பண்ணி வச்சிருக்காங்க."
0096.wav,"ஏன்னா அவரோட பிளைட் வந்து அங்க டிலே ஆயிருது, எல்லாமே டிலே டிலேவா இருக்கறப்போ, வேகமா இத முடிக்கணும், அடுத்த அன்னைக்கு அடுத்த நாள் பாத்தீங்கன்னா, வந்து எலக்ஷன் கேம்பெயின் பண்ணக்கூடாது, அந்த நாற்பத்து எட்டு ஹவர்ஸ் வந்து சும்மா இருக்கணும்ல, எலக்ஷனுக்கு முன்னாடி அந்த டைம் ஆரம்பிக்க போகுது."
0097.wav,"சோ எல்லாருமே வேகமாதான் முடிக்கணும்னு சொல்லிட்டு, ஸ்டேஜ்ல எல்லாரும் இருக்காங்க."
0098.wav,"இப்ப அவங்களோட ஸ்டோரி பாத்தீங்கன்னால், ராஜீவ் காந்தி இங்க வருவாருங்கறது ஒரு லாஸ்ட் மினிட் பிளான், நம்ம முதல்ல இருந்தே சொன்ன மாதிரி."
0099.wav,"அண்ட் இங்க வந்து ஒரு விஷயம் நம்ம கவனிக்கணும், ப்ரொடெக்ஷன் அப்படின்னு சொல்றப்போ, இன்னைக்கு இருக்கக்கூடிய மோஸ்ட் சோபிஸ்டிகேட்டட் ப்ரொடெக்ஷன்லாம் இன்னைக்கு கிடையாது, அப்ப வந்து பெண்களை வந்து பிரிஸ்க் பண்ண மாட்டாங்களாம், இப்பல்லாம் மெட்டல் டிடெக்டர் வச்சு ஆம்பளைங்க பொம்பளைங்க எல்லாருமே ஒண்ணா கோவில்ல இருந்து எல்லா இடத்துலயும் ஒரே மாதிரிதானே ட்ரீட் பண்ணறாங்க, பட் அப்போ பொண்ணுங்களை வந்து செக் பண்ணி பார்க்க மாட்டாங்களாம், ஃபுல்லா அது வந்து பொண்ணுங்க அப்படிங்கறதுனால விட்டுருவாங்களாம், இதெல்லாம் வந்து அவங்க அட்வான்டேஜா எடுத்துருக்காங்க."
0100.wav,"அடுத்த விஷயம் என்னன்னு பாத்தீங்கன்னா, லாஸ்ட் மினிட்ல இந்த இடம் கன்ஃபார்ம் ஆகி, திடீர்னு கூட்டம் எல்லாம் வந்த ஒரு காரணத்தினால, அந்த இடத்துல வந்து தேவையான ப்ராப்பர் வெட்டிங், ஃபுல் ஏரியாவ வந்து செக்யூரிட்டி செக், அதெல்லாம் பண்ண முடியல."
0101.wav,"இன்னைக்கு நம்ம பார்கறோம், ஒரு அரசியல் கட்சி வந்து மாநாடு நடத்தனும்னா, அதுக்கு எவ்வளவு நாள் ப்ராசஸ், எவ்வளவு மாசம் ஆகுது? இது எதுவுமே பண்ணாம வேக வேகமா நடத்தப்பட்டதுங்கறப்போ, ப்ராப்பரான கிளென்சிங் ஆப் தி ஏரியாவுமே கிடையாது."
0102.wav,"இதுக்கு நடுவுலதான் ராஜீவ் காந்தி அங்க வந்து நிக்கிறாரு, மணி பத்து மணி, இன்னும் பத்து நிமிஷத்துல அவர் இறந்து போக போறாரு."
0103.wav,"எல்லாருமே வந்து ராஜீவ் காந்திக்கு பயங்கர, ஏன்னா எஸ்பெஷலி அது காங்கிரஸ் கூட்டம்ங்கறப்ப, அவருக்கு எவ்வளவோ ஹைப்பா இருப்பாங்க, அதுவும் அவர் வர வேணாம்ன்னு சொன்னதுக்கு அப்புறம், அவரு இல்ல நான் வருவேன்னு சொல்லி வந்துருக்காருங்கறது ஆல்மோஸ்ட் எல்லாருக்குமே தெரியும்."
0104.wav,"ஒன் செகண்ட், இவ்வளவு டீடைல்டா இன்னைக்கு வீடியோவ நான் இத உங்ககிட்ட எக்ஸ்பிளைன் பண்ணிருக்கறதுக்கு காரணம் என்னன்னு பாத்தீங்கன்னால், இப்ப ரீசன்டா சோனி லிவ்ல தி ஹன்ட் அப்படிங்கிற ஒரு சீரீஸ் வந்திருக்குது."
0105.wav,"இந்த சீரீஸ்ல வெறும் தொண்ணூறு டேஸ்ல எப்படி கார்த்திகேயன் அப்படிங்கறவங்களும், அவங்களோட ஸ்பெஷல் இன்வெஸ்டிகேஷன் டீமும் வந்து எப்படி இந்த மொத்த கேஸ கிராக் பண்ணாங்கங்கறத செமையா டாக்குமெண்ட் பண்ணி இருக்காங்க."
0106.wav,"அண்ட் நம்ம மெயினா கவனிக்க வேண்டியது என்னன்னு பாத்தீங்கன்னா, இந்த இன்வெஸ்டிகேஷனே வந்து ஒரு பயங்கர பிரைனியா இருந்திருக்கணும், காரணம் அன்னைக்கு வந்து இன்னைக்கு இருக்குற அளவுக்கு இன்டர்நெட்டோ, சிசிடிவியோ, இது எதுவுமே கிடையாது, கரெக்டா, அவங்களுக்கு கிடைச்சது எல்லாமே வந்து ஒரு கேமரா, அதுல இருந்து எப்படி மொத்த கேஸ பில்ட் பண்ணி, வெறும் தொண்ணூறு டேஸ்ல யார் யார் இன்வால்வ் ஆனாங்கங்கறத புடிச்சாங்கங்கறது அப்சல்யூட் மேட்னஸ்."
0107.wav,"நீங்க சோனி லிவ்ல இருக்குற தி ஹன்ட் எட்டு புள்ளி ஐந்து ஐஎம்டிபி ரேட்டிங் கொண்ட இந்த சீரீஸ பாக்கணும்னா, மறக்காம சோனி லிவ் ஆப்ல சர்ச் பண்ணி பாருங்க. அண்ட் இப்போ நம்ம கதைய கண்டினியூ பண்ணுவோம்."
0108.wav,"வந்த இடத்துல இன்னும் பத்து நிமிஷத்துல அவர் இறந்து போக போறாரு. இந்த கூட்டத்துக்கு நடுவுல அந்த ஸ்பெஷல் வெல்கம் ஏரியா இருக்குல்ல, அதுக்குள்ள தானு அவங்க வந்து அலோவ் பண்ணப்படல, அவங்க வெளியதான் இருக்காங்க. அந்த நேரத்துல என்ன ஆகுதுன்னு பாத்தீங்கன்னால், இங்க மீதி இருக்கறவங்க எல்லாருமே நின்னுட்டு இருக்காங்க."
0109.wav,"அப்ப அவர் உள்ள என்டர் ஆன உடனே ஒரு சின்ன பொண்ணு, அவங்க வந்து ராஜீவ் காந்திக்கு ஒரு கவிதை சொல்றேன் அப்படின்னு சொல்லி சொல்றாங்க, ஒரு காங்கிரஸ் வொர்க்கிங் வுமனோட பொண்ணுதான். ராஜீவ் காந்தி அதை கேட்டுட்டு இருக்காரு, கிட்ட இன்னொரு ஒரு காலேஜ் பொண்ணு இருக்காங்க, மாலை போடுறதுக்கு நிறைய பேர் வந்துட்டு இருக்காங்க."
0110.wav,"இதெல்லாம் பாத்துட்டு இருக்கப்போ, இந்த தானு அப்படிங்கறவங்க, இவங்கதான் மனித வெடிகுண்டு, இவங்க அந்த கூட்டத்துக்குள்ள வந்து எப்படியாவது ராஜீவ் காந்தி கிட்ட வந்துரணும்ன்னு பாக்குறாங்க."
0111.wav,"அவங்க எப்படியாவது உள்ள வந்துரணும்னு பாக்குறாங்க, ஏன்னா கமோஷன், ஓகேவா, ப்ராப்பரான பிளானிங் கிடையாது, திடீர்னு எல்லாரும் உள்ள வராங்க, இதெல்லாம் நடந்துட்டு இருக்கப்போ, ராஜீவ் காந்தி கவனிக்கிறாரு, அண்ட் ஐ டோன்ட் நோ இது வந்து என்ன மாதிரி ஒரு ஃபேட்னு, ராஜீவ் காந்தி அவங்களை பார்கறாங்க, ராஜீவ் காந்தி அவங்களை பார்த்துட்டு, தானுவ வா அப்படின்னு சொல்லி கூப்பிடுறாங்க, உங்கள விடுங்க அப்படின்னு சொல்லிட்டு, அந்த போலீஸ் கிட்டையும் சொல்றாங்க, என்ன மாதிரி மாதிரி ஒரு டிசைன் இது பாருங்க."
0112.wav,"அவங்களேதான் கூப்பிடுறாங்க இவங்கள உள்ள, எக்ஸ் பிரைம் மினிஸ்டர் வந்து விடுன்னு சொன்னதுக்கு அப்புறம், யாரு கேட்க முடியும்."
0113.wav,"அத நிறைய பேர் வந்து, சில தலைவர்கள் அதெல்லாம் கண்டுக்காம போவாங்க, அதை நிறைய பேர் பார்த்துட்டு, இல்ல இவங்க அடேசியஸா இருக்காங்க, திமிரா இருக்காங்க, திமிறு இல்லப்பா, இதுதான் ப்ரொசீஜர், என்ன நடந்துருக்குன்னு பாருங்க."
0114.wav,"குனியற அப்போ, சைடுலயே வந்து ஒரு பட்டன் வச்சிருக்காங்க, அந்த பட்டனை பிரஸ் பண்ணறாங்க, அட் டைம் பத்து, ராஜீவ் காந்தி, தானு, சுத்தி இருந்த பத்து மீட்டருக்கு இருக்கற அத்தனை பேரும், கிட்டத்தட்ட ஒரு பதினைந்து, பதினேழு பேர் வந்து மொத்தமா இதோட வெளிப்பாடாவே இறந்து போறாங்க."
0115.wav,"இது போக ஏகப்பட்ட பேர் காயப்படுறாங்க, சவுண்ட் மட்டும்தான் எல்லாருக்கும் கேக்குது, மொத்த கூட்டமும் கமோஷன்ல எங்கெல்லாமோ ஓடுறாங்க, ஸ்டேஜ்ல இருந்த தலைவர்கள் எல்லாம் கீழ ஓடி வராங்க, ஆளே கண்டுபிடிக்க முடியல, எங்க தலை இருக்குது, எங்க உடம்பு இருக்குது, எதுவுமே தெரியல."
0116.wav,"கடைசில ராஜீவ் காந்தியோட ஷூ, அவர் எந்த ஷூ போட்டுருந்தாருங்கறத பார்த்துட்டு, அந்த காலை பிடிச்சு கதறி அழுதி, கடைசியில ராஜீவ் காந்தி இறந்துட்டாரு அப்படிங்கறத வந்து ஒரு பத்து இருபத்து ஐந்துக்கு பதினைந்து நிமிஷத்துக்கு உடலை தேடி இருக்காங்க, காலை வச்சு கடைசியில கண்டுபிடிச்சிருக்காங்க."
0117.wav,"அதுக்கப்புறம் தான் அன்னைக்கு ராத்திரி சோனியா காந்தி, அவங்களோட மனைவிக்கு சொல்லப்படுது. இந்தியாவுக்குள்ளயே கொஞ்சம் கொஞ்சமா நியூஸ் வர ஆரம்பிக்குது. இதுல இருக்கறதுலயே ஒரு கிரேஸியான விஷயம் என்னன்னு பாத்தீங்கன்னால், சுத்தி இருக்கறவங்க எல்லாருமே இறந்து போயிருக்காங்கல்ல, ஆனா ஒரு கேமரா சர்வைவ் ஆச்சு."
0118.wav,"இந்த ஒரு கேமராதான் இன்னைக்கு ராஜீவ் காந்தி அவங்களை யாரு கொன்னாங்கங்கறதுக்கான எல்லா டீடையல்ஸும் கிடைச்ச ஒரு கேமராவா, போலீஸ் அண்ட் சிபிஐ ட்ரீட் பண்ணி இருக்காங்க."
0119.wav,"கிட்டவே வந்து ஒரு போட்டோகிராபர், ராஜீவ் காந்தி உள்ள வந்தது, அவர் கவிதை சொல்லி ஒரு பொண்ணுகிட்ட கேட்டது, சுத்தி யார் யார் இருந்தாங்க, யாரு வந்து கரெக்டா இந்த மாலையை போட வந்தாங்க, யாரு டெட்டனேட் பண்ணாங்க குண்ட அப்படிங்கற எல்லா விஷயமும் போட்டோஸ்ல ரெஜிஸ்டர் ஆயிருக்குது."
0120.wav,"நம்மளுக்கு தெரியும், போட்டோகிராபர்ஸ் வந்து எப்படி பிரைம் மினிஸ்டர் போட்டோ எடுப்பாங்க, சட் சட் சர்ட்ன்னு அடிச்சுக்கிட்டே இருப்பாங்கல, அதுக்கப்புறம்தான் போஸ்ட்டா எது பெட்டரா இருக்குதுன்னு சொல்லி எடுப்பாங்க. அப்படி கண்டமா கிளிக் பண்ணப்போ, இன்ச் பை இன்சா என்ன நடந்துருக்குங்கற எல்லா விஷயமும் கிடைச்சிருக்குது."
0121.wav,"இருபத்து ஒரு சென்சுரியோட மோஸ்ட் அட்வான்ஸ்டு ட்ரோன்ஸ் எல்லாம் வச்சு சண்டை போடுற அளவுக்கு டெக்னாலஜி வந்து, உங்கள டெய்லி ஏன் இந்த வீடியோ பாத்துட்டு இருக்கப்போ கூட கடிக்க வரக்கூடிய ஒரு கொசுள்ள ஒரு மஸ்கிட்டோக்குள்ள இருக்குதுன்னு சொன்னா, உங்களால நம்ப முடியுமா?"
0122.wav,"வெல், அதை விடுங்க, ஒரு காக்கா வெளிய போனா சுத்திட்டு இருக்கற காக்கா இருக்குல்ல, ஒரு காக்கா வந்து ஒரு குரோ வந்து நம்மள கிட்டத்தட்ட வருஷக்கணக்கா ஞாபகம் வச்சு பழி வாங்குற அளவுக்கு அதுக்கு மைண்ட் இருக்குன்னு சொன்னா, நம்மளால நம்ப முடியுமா?"
0123.wav,நம்மள சுத்தி இருக்கக்கூடிய அனிமல்ஸ் ஒவ்வொன்னுக்குள்ளயும் ஏகப்பட்ட சூப்பர் பவர் இருக்குது.
0124.wav,"நம்ம ரொம்ப அசால்ட்டா இதெல்லாம் நினைச்சுட்டு லெஃப்ட் ஹேண்ட்ல டீல் பண்ணிட்டு போயிட்டு இருக்கோம். பட் ஒவ்வொன்னுக்குள்ளயும் அவ்வளோ விஷயங்கள் இருக்குது. என்னென்ன அப்படிங்கறத நான் உங்ககிட்ட ஒவ்வொன்னா சொல்றேன். கிரேசிங்க! நான் உண்மையிலேயே சொல்றேன், இதுல ரொம்ப ஆச்சரியப்பட்டது மஸ்கிட்டோவ பார்த்துதான்."
0125.wav,ஒரு கொசுக்குள்ள இவ்வளோ டேலன்டடா அப்படின்னு யோசிக்கிற மாதிரி இருந்துச்சு. சோ அங்க இருந்தே ஆரம்பிக்க போறேன். அண்ட் பதினைந்தையும் நான் சொல்ல போறேன். அதுல எந்த அனிமலோட சூப்பர் பவர் உங்களுக்கு வேணும்ன்னு நீங்க நினைக்கிறீங்கங்கறதை கமெண்ட்ல சொல்லுங்க.
0126.wav,"சொல்ல முடியாதுங்க, கிடைச்சாலும் கிடைக்கும். இப்ப நான் உங்ககிட்ட ஒவ்வொன்னா சொல்ல ஆரம்பிக்கிறேன். பட் அஸ் ஐ ஆல்வேஸ் சே, அதை பார்க்க ஆரம்பிக்கிறதுக்கு முன்னாடி, இந்த மாதிரி நம்மள சுத்தி இருக்கக்கூடிய இன்ட்ரஸ்டிங்கான விஷயங்கள், நிறைய பேருக்கு தெரியாத விஷயங்களையும் நீங்க டெய்லி தெரிஞ்சுக்கணும்."
0127.wav,"உங்க பிரெண்ட்ஸ் கிட்ட போய் ஃிளெக்ஸ் பண்ணும். உங்க அம்மா கிட்ட கேஷுவலா நீங்க சொல்லி ஃிளெக்ஸ் பண்ணனும்னு நினைச்சீங்கன்னா, மதன் கௌரி சேனல சப்ஸ்கிரைப் பண்ணி எம்ஜி ஸ்கவாட்ல சேருங்க. சேர்ந்துட்டீங்களா, சப்ஸ்கிரைப் பண்ணிட்டீங்களா, இப்ப ஆரம்பிக்கலாமா?"
0128.wav,"ஹலோ எவரிஒன், நான் மதன் கௌரி அண்ட் ஹலோ மை டியர் எம்ஜி ஸ்கவாட்! ஃபர்ஸ்ட் விஷயம் என்ன அப்படின்னு பார்த்தீங்கன்னா, நான் சொன்ன மாதிரி மஸ்கிட்டோ கிட்ட இருந்து ஆரம்பிச்சிறேன்."
0129.wav,"ஏன்னா எனக்கு அதுதான் இருக்கறதுலயே மைண்ட் பப்ளோயிங்கா இருந்துச்சு. ஒரு கொசு வந்து எந்த சைடு ஹியூமன்ஸ் இருக்காங்கங்கறத கிட்டத்தட்ட நூறு ஃபீட் தூரத்துல, ஓகேவா, எவ்வளவு தூரம்ன்னு யோசிச்சு பாருங்க."
0130.wav,"அங்க இருந்தே டிடெக்ட் பண்ண முடியுமா? பிகாஸ் நம்ம வந்து பிரீத் அவுட் பண்ணக்கூடிய கார்பன் டை ஆக்சைடு இருக்குல்ல, அதை வச்சுதான் டிடெக்ட் பண்ணிக்கிடுமா? ஓகே, இங்கதான் மனுஷங்க இருக்காங்க அப்படின்னு சொல்லிட்டு. அதுக்கப்புறம் கிட்ட வர வர கொசுவோட கண்ணுல இருந்து நம்ம பார்த்தோம்."
0131.wav,"ஒரு மஸ்கிட்டோவோட கண்ணல பார்த்தோம்ன்னா, நம்மளோட பாடில இருந்து லைட்டா ஒரு வார்ம்த் இருக்குல்ல. நீங்க தொட்டு பாத்தீங்கன்னாலே தெரியும். எல்லாரோட உடம்பும் வந்து லைட்டா ஒரு ஹீட் இருக்கும். இந்த ஹீட்ட வந்து அந்த மஸ்கிட்டோ நார்ஸ்னால மஸ்கிட்டோஸ்னால டிடெக்ட் பண்ண முடியுமா?"
0132.wav,அதோட கண்ணுக்கு நம்ம இருக்கறது மட்டும் ரெட் கலர்ல தெரியும். இப்ப இந்த ரெட் கலர்ல இருக்கக்கூடிய இடங்கள்ல வந்து அந்த மஸ்கிட்டோஸ் வந்து கடிக்கிறதுக்கு ரொம்ப ஈஸியா வருது.
0133.wav,"காரணம் என்னன்னு பாத்தீங்கன்னா, இந்த மஸ்கிட்டோஸ் வந்து நம்மளுக்கு கடிக்கிறப்போ ஒரு சின்ன அனஸதேசியாவ கூட அந்த இடத்துல கொடுக்குமா. சோ தட் நம்மளுக்கு அங்க சுரணம் இருக்காது கொஞ்ச நேரத்துக்கு. அப்புறம்தான் நம்மளுக்கு வந்து இந்த கொசு கடிச்சிட்டு இருக்குனே தெரியும்."
0134.wav,சட்டுன்னு நம்ம அடிப்போம். இவ்வளோ டெக்னாலஜி வந்து ஒரு மஸ்கிட்டோக்குள்ள இருக்குதுன்னு யோசிச்சு பாருங்களேன்! பட் எல்லாத்தையும் இந்த கொசு இப்ப உங்களை சுத்திட்டு இருக்கப்ப கூட பண்ணிட்டு இருக்குங்கறத தெரிஞ்சுக்கோங்க.
0135.wav,"செகண்ட் சூப்பர் பவர் யாருக்கு அப்படின்னு பாத்தீங்கன்னால், நம்மள சுத்தி இருக்கக்கூடிய காக்காவுக்கு. சோ கக்ரோஸ்க்க வந்து இது எனக்கு உண்மையிலயே பயங்கர ஃபேசினேட்டிங்கா இருந்துச்சு."
0136.wav,மத்த கக்ரோஸ் கிட்ட சொல்லி இன்னும் கூப்பிட்டுட்டும் வர முடியுமா?
0137.wav,"அந்த அளவுக்கு காக்காக்கு வந்து ஞாபக சக்தி, ரிவெஞ்ச் பவர் எல்லாம் வந்து இருக்குது அப்படின்னு சொல்லி நம்மளுக்கு இப்ப தெரிஞ்சுக்க முடியுது. நெக்ஸ்ட் டைம் அந்த காக்கா மேல கல்ல விட்டு அடிக்கிறப்ப யோசிச்சிருந்துக்கோங்க."
0138.wav,"மூணாவது என்ன அப்படின்னு பாத்தீங்கன்னால், மாடு. மாடுக்கு என்ன மதன் சூப்பர் பவர் இருக்குது? இந்த புல்லை கொடுத்தா, பாலை குடுக்கும். அவ்வளவுதானே மதுன்னு கேட்டீங்கன்னா, மாடோட கண்ணை பாத்துருக்கீங்களா?"
0139.wav,ரெண்டு சைடும் இருக்குதுல்ல? ஒரு மாடுனால முந்நூறு அறுபது டிகிரி பார்க்க முடியுமா? தட் இஸ் இப்ப நீங்க இந்த வீடியோவை பார்த்துட்டு இருக்கீங்க. கரெக்டா? உங்களோட விஷன் எவ்வளவு இருக்கும்? ப்ராபப்லி இந்த எண்ட்ல இருந்து இந்த எண்ட் வரைக்கும்.
0140.wav,"கரெக்டா? நீங்க நேரா பாக்குறப்போ இந்த சைடுல இருந்து இந்த சைடு வரைக்கும் என்ன இருக்குன்னு தெரியும். இன்ஃபேக்ட் இந்த நூறு எண்பது டிகிரி இந்த லெஃப்ட் எக்ஸ்ட்ரீம்லயும், ரைட் எக்ஸ்ட்ரீம்லயும் என்ன இருக்குன்னு கூட நீங்க பார்க்க முடியாது. நீங்க திரும்பிதான் பாரக்கணும்."
0141.wav,"கரெக்டா, ஆனா ஒரு மாடுனால நேரா பாத்துட்டு இருக்கப்பமே நேரா தலை இப்படி இருக்குறப்பமே அப்படியே பின்னாடி என்ன நடந்துட்டு இருக்குங்கறதையும் பாத்துக்க முடியுமா? பிகாஸ் அதோட கண்ணு வந்து ரெண்டு சைடும் இருக்குது."
0142.wav,"கொஞ்சம் வெளியில வேற பல்ஜா இருக்குங்கறதுனால ஒரு மாடுக்கு முந்நூறு அறுபது டிகிரி வியூ இருக்காம். விச் மீன்ஸ், அந்த மாடை நீங்க பின்னாடியில இருந்து அடிக்க வரப்ப கூட அந்த மாடுக்கு தெரியும் நீங்க அடிக்க போறீங்கன்னு."
0143.wav,பின்னாடில இருந்து யாரோ வரப்ப கூட பின்னாடி முன்னாடி ஓடிட்டு இருக்கப்ப கூட பின்னாடி என்ன நடந்துட்டு இருக்குன்னு தெரியும். எனக்கு தெரிஞ்சு இது ஒரு பயங்கரமான சூப்பர் பவர்ங்க! யோசிச்சு பாருங்களேன்.
0144.wav,"அப்ப மாடுக்கெல்லாம் சன் கிளாஸ் போடணும்ன்னா எப்படி போடணும்? எனிவே, அடுத்த விஷயம் என்ன அப்படின்னு பார்த்தீங்கன்னா, ஃபோர்த் ஒன் நம்ம ஊர்ல இருக்கக்கூடிய ரெகுலர் எருமை மாட்டுக்கு வருவோம். மதனே, என்ன மதனே, எருமை மாட்டுக்கு என்ன மதன்னு இருந்துர போகுது."
0145.wav,எங்க வீட்ல எங்க அம்மா எருமை மாடுன்னுதான் சொல்லி என்ன திட்டுவாங்க. அதுக்கு பவர் என்ன இருந்துர போகுதுன்னு தானே யோசிக்கிறீங்க. எருமை மாடுக்கு ஒரு பயங்கரமான சூப்பர் பவர் இருக்குது.
0146.wav,"அதுக்குள்ள எருமை மாடு உட்கார்ந்துட்டு இருக்கும். அங்க என்ன பண்ணுதுன்னு தானே யோசிப்போம். அதோட கண்ணு மட்டும் வெளியே தெரியும். ஆர் தலை மட்டும் வெளியே தெரியும். மூக்கு மட்டும் வெளியே இருக்கும். அந்த மாதிரி ஏதாவது ஒன்னு இருக்கும், கரெக்டா."
0147.wav,பட் எருமை மாடு வந்து தண்ணிக்குள்ள போய் தண்ணிக்குள்ள அதோட கண்ணு வந்து ஒர்க் ஆகுமா கொஞ்ச நிமிஷத்துக்கு. சோ தண்ணிக்குள்ள எங்க செடி இருக்குது அப்படிங்கறத பார்த்து அதை தண்ணிக்குள்ள கிரேஸ் பண்ண முடியும்.
0148.wav,"விச் இஸ் கிரேசி சூப்பர் பவர், கரெக்டா? யோசிச்சு பாருங்களேன், நீங்க அப்படியே தண்ணிக்குள்ள போய் மீனை பிடிச்சு சா ப்பிட்டு வர முடியும்னா அது எவ்வளவு பெரிய ஒரு சூப்பர் பவர். இங்க உள்ள லிட்ரலா நடந்து போய் எங்க மீன் இருக்குன்னு பார்த்து, அதை புடிச்சு சா ப்பிட்டுட்டு வர முடியும்."
0149.wav,"அது எவ்வளவு பெரிய சூப்பர் பவர். எருமை மாட்டுக்கு அந்த சூப்பர் பவர் இருக்குது. சோ, நெக்ஸ்ட் டைம் அம்மா எருமை மாடுன்னு திட்டுனாங்கன்னா, யோசிச்சு பாருங்க. யூ ஆர் எ பர்சன் வித் சூப்பர் பவர்! எனிவே, நெக்ஸ்ட் ஒன் என்னன்னு பார்த்தீங்கன்னா, ஃபிப்த் ஒன் என்னன்னு பார்த்தீங்கன்னா, நம்ம ஊர்ல இருக்கக்கூடிய கிழி."
0150.wav,"ஒரு கிழியோட சூப்பர் பவர் என்னன்னு பார்த்தீங்கன்னால், நம்ம ஹியூமன்ஸ் எல்லாம் வந்து பேர் வச்சு நம்ம கூப்பிட்டுட்டு இருக்கோம், கரெக்டா? கடந்த ஃபியூ, ஆயிரம் இயர்ஸ் நம்ம இதை பண்ணிட்டு இருக்கோம். நம்ம எல்லாருக்குமே ஒரு பேர் இருக்குது."
0151.wav,நம்ம பேரை கான்செப்ட் வச்சு உருவாக்குறதுக்கு முன்னாடியே கிழிங்களுக்குள்ளயே வந்து பேர் இருக்காம். ஒரு ஒரு கிழிக்கும் வந்து பேர் இருக்குது அண்ட் இந்த கிழி வந்து பேர அத சொல்லிதான் கூப்பிட்டுக்குமா.
0152.wav,"அது மட்டும் இல்லாம இந்த நான் சொல்றது காட்டுக்குள்ள, நம்ம வீட்டுல இருக்குற கிழியல்லாம் விட்டுருங்க, அத நம்ம சொல்றத திருப்பி சொல்லுவோம், அதெல்லாம் விட்டுருங்க, காட்டுக்குள்ள இருக்கக்கூடிய கிழி கூட வந்து ஒரு ஒரு கிழிக்கும் வந்து ஏதாவது ஒரு டோன் வச்சு ஐடென்டிஃபை பண்ணிக்கும்."
0153.wav,"பிளஸ், அந்த கிழிக்கு வந்து மேட் பண்ணிடுச்சுன்னா, அதுக்கு வேற மிஸ்டர் மிஸ்சஸ் மாதிரி, மேட் பண்ணிடுச்சுன்னா அதுக்கு வேற சின்ன சேஞ் இந்த டோன்லாம் இருக்குங்கறாங்க, விச் இஸ் கிரேசி!"
0154.wav,"நான் உலகத்திலயே ஸ்மார்ட்டஸ்ட் ஹயூமன்ஸ் மட்டும்தான் அந்த பேர எல்லாம் வச்சு கூப்பிடுற அளவுக்கு நம்ம வளர்ந்துருக்கோம். பேருங்கற கான்செப்ட் ஏன் வேற யாரு கிட்டயுமே இல்லன்னல்லாம் யோசிப்பேன். பட் அப்பரண்ட்லி யா, கிளிகள் கிட்டது இருக்குது."
0155.wav,"அண்ட் சிக்ஸ்த் ஒன் என்ன அப்படின்னு பார்த்தீங்கன்னால், குயில். இந்தியன் குயில். குயில் என்னமாதான் பண்ண போறது, அது பட் குக்குன்னு தானே சொல்லிட்டு போகும்னு நினைக்கிறீங்க."
0156.wav,"என்ன மேட்டர்ன்னு பார்த்தீங்கன்னால், ஒரு குயில் வந்து சொந்தமா அதோட நெஸ்ட்ல வந்து பெருசா முட்டை போடலாம். அது என்ன பண்ணும்னா, இது ஆக்ஷுவலா பிளான் பண்ணி பண்ணுது பாருங்களேன்."
0157.wav,"சோ ஒரு குழந்தைய வந்து பெத்து எடுக்கறது ஈஸியான விஷயம். ஆனா அதுக்கப்புறம் வளர்கறது இருக்கே, அது ரொம்ப பெரிய விஷயம். சோ குயில் என்ன பண்ணும்னா, அத பேசிக்கா அவுட்சோர்ஸ் பண்ணுது, குழந்தைய வளர்கறது."
0158.wav,"என்ன பண்ணும்ன்னு பார்த்தீங்கன்னா, ஒரு காக்கா வந்து ஒரு கூடு வச்சு, ஒரு நெஸ்ட் வச்சு, அந்த கூட்டுல வந்து நிறைய முட்டை எல்லாம் போட்டுருக்கப்போ, ஒரு மேல் குயில் வந்து அது கூட வம்பிழுக்குமா, சண்டை போடுமா."
0159.wav,"உடனே இங்க இருக்கற காக்கா எல்லாம் அதை அட்டாக் பண்றதுக்கு கிளம்பி போயிடும். அப்ப இந்த நெஸ்ட் இங்க காலியா இருக்கும்ல, அந்த நேரத்துல இந்த குயில் வந்து அதோட முட்டையை இந்த நெஸ்ட்ல போட்டு போயிடுமா."
0160.wav,"அந்த முட்டையில இருந்து, ஓகேவா, அந்த காக்கா வந்து அது அதோட முட்டைனே நினைச்சு வாழ்ந்துட்டு இருக்கும். இது வந்ததுக்கு அப்புறம் இந்த குட்டி குயில் இருக்குல்ல, சோ இது என்ன பண்ணிருச்சு, பேசிக்கா அப்பா அம்மா வந்து இங்க முட்டைய பிளேஸ் பண்ணிட்டு கிளம்பி போயிடுச்சு."
0161.wav,"இதுக்குள்ளதான் முட்டை இருக்குது. இதுல இருந்து வர்ற குயில் வந்து எந்த அளவுக்கு ஸ்மார்ட் பை டீபால்ட்டேன்னு பார்த்தீங்கன்னா, வந்த உடனே சுத்தி இருக்கற மத்த காக்காவோட முட்டை எல்லாத்தையும் கீழ தள்ளி விட்டு உடைச்சு விட்டுருமா. இப்போ இந்த ஒரு குயில் மட்டும்தான் இருக்கும்."
0162.wav,"அப்போ இந்த அப்பா அம்மா காக்கா ரெண்டுமே கஷ்டப்பட்டு எடுத்துட்டு வர சாப்பாடு, அத பத்திரமா பாத்துக்கிறது, பாம்பு, அப்புறம் பூச்சி கிட்ட இருந்தல்லாம் காப்பாத்துறது எல்லாமே உயி. அண்ட் அதுக்கப்புறம் ஒரு அளவுக்கு மேல வளந்ததுக்கு அப்புறம் அந்த கூட்ட விட்டு போயிடுமா."
0163.wav,"ஹவ் கிரேசி இட் இஸ்! இந்த மாதிரி பேரண்டிங்க அவுட்சோர்ஸ் பண்ற ஒரு கான்செப்ட் இருக்குல்ல, ஹியூமன்ஸ் கூட இன்னும் நம்ம டெவலப் பண்ணல. பட் குயில்ஸ் அதை பண்ணிட்டு இருக்குது. செவன்த் ஒன் என்ன அப்படின்னு பார்த்தீங்கன்னா, இந்தியன் பான்ட் ஹெரன், நம்ம ஊர்ல வந்து சிம்பிள் டெர்ம்ஸ்ல கொக்கு சொல்லுவோம், கரெக்டா."
0164.wav,"இந்த கொக்கு வந்து நீங்க ஜெனரலா பாத்தீங்கன்னா, வானத்துல பறக்குறப்பல்லாம் வெள்ளையா இருக்கும். ஆனா தரையில நம்ம பெருசா கொக்க பாத்துருக்க மாட்டோம். ஏன்னு யோசிச்சிருக்கீங்களா? இன்ட்ரஸ்டிங் என்னன்னு பார்த்தீங்கன்னா, கொக்கு நம்ம தரையில இருக்குது."
0165.wav,"ஆனா அது கேமோஃபிளாஷ்டா இருக்கும். விச் மீன்ஸ், அந்த ஆர்மில இருக்கறவங்கல்லாம் பச்சை கலர் டிரஸ் போட்டு காட்டுக்குள்ள போறப்ப கண்டுபிடிக்கிறது கஷ்டம், கரெக்டா? மெர்ஜ் ஆயிடுவாங்க. அந்த மாதிரி கொக்கு வந்து கீழ இருக்கறப்போ, இந்த இந்தியன் பான்ட் ஹேரோங்கிற ஒரு பர்டிகுலர் கொக்கு வந்து நீங்க பார்க்கலாம்."
0166.wav,"இந்த தஞ்சாவூர் இந்த ஏரியால எல்லாம் வந்து நல்லா வயக்காட்டுக்கு நடுவுல நீங்க இதை பார்க்க முடியும். தரையில இருக்கறப்போ நல்லா அந்த குளத்தோட ஓரத்துல, ஒரு வயக்காட்டோட எட்ஜ்ல இருக்கக்கூடிய மண்ணு மாதிரியே இருக்கும்."
0167.wav,"அது அப்படியே மூவ் ஆகாம அப்படியே கேமஃபாலோஜ் ஆயிடும். நம்ம அதை தாண்டி போகும். கால் கிட்ட கூட போகும். ஆனா நம்ம கவனிக்க மாட்டோம். அங்கதான் இருக்குன்னு. திடீர்னு பறக்குறப்ப பாத்தீங்கன்னா, ஃபுல்லா உடம்பு ஃபுல்லா வெள்ளையா இருக்கும். சுருக்கிருச்சுன்னா, அப்படியே அந்த மண்ணு மாதிரியே இருக்கும்."
0168.wav,"சோ, ஒரு பயங்கரமான காமபிலாஜ் டெக்னாலஜி வந்து கொக்கு பல வருஷமா டெவலப் பண்ணி இன்னமும் சுத்திட்டு இருக்குது. அண்ட் எயத் ஒன், நம்மளோட பதினைந்து லிஸ்ட்ல இருக்கக்கூடிய எயத் ஒன் என்னன்னு பார்த்தீங்கன்னால், இது வந்து கிரேசியா இருந்துச்சு."
0169.wav,"தவளைங்க, தவளை வந்து கலர் மாறும்னு உங்களால நம்ப முடியுமா? இல்ல, நம்மள சுத்தி இருக்கக்கூடிய ரெகுலர் இந்தியன் புல்ஃிராக் இருக்குல்ல, அது வந்து கலர் மாறுமா?"
0170.wav,"எல்லோ கலருக்கு வருமா, பிரைட் எல்லோ கலர்ல இருக்குமா. எல்லா நேரமும் தவலை நார்மல் கலர்ல இருக்குமா. ஆனா இந்த மான்சூன் சீசன் வந்துருச்சுன்னா, பயங்கர எல்லோ கலர்ல ஆயிடும்."
0171.wav,"அந்த தவலை இருக்கறப்போ சுத்தி இருக்கிற ஃபீமேல் ஃப்ராக்ஸ் எல்லாம், ஓ இது பாரு, செம எல்லோவா இருக்குது, இது பாரு லைட் எல்லோவா இருக்குது அப்படின்னு சொல்லிட்டு அட்ராக்ட் ஆகி மேட்டிங் பண்ணி முடிக்குமா. மேட்டிங் பண்ணி முடிச்ச உடனே தவலை மறுபடியும் கேமஃபிளஜாய், நம்ம கண்டுபிடிக்காத அளவுக்கு ஓரமா போய் உட்காந்துக்குவோம், கரெக்டா?"
0172.wav,"அந்த கலருக்கு போய் உக்காந்துருமா. சோ, பொண்ணுங்களை அட்ராக்ட் பண்றதுக்குன்னே கலர் வந்து தன்னோட மொத்த பிசிகல் கலரையே வந்து ஆண் தவளைகள் வந்து மாத்தி வச்சிக்குது. டு எ பிரைட் எல்லோ, விச் இஸ் கிரேசி!"
0173.wav,"அண்ட் எனக்கு அதை பாக்குறப்ப ஒரு இன்ட்ரஸ்டிங்கான ஒரு விஷயமும் தோணுது. நீங்க மயில் பாத்தீங்கன்னாலும், ஆண் மயில்தான் வந்து ரெக்கை எல்லாம் விரிச்சு ஆடுது. ஆக்ஷுவலா இந்த மோஸ்ட் ஆப் தி அனிமல் கிங்டம் பார்த்தோம்ன்னா, நம்மளும் ஒரு விதத்துல அனிமல் தானே."
0174.wav,"பட் நம்மள தவிர மோஸ்ட் ஆப் தி அனிமல் கிங்டம் பார்த்தோம்ன்னا, ஆண்கள்தான் அந்த பெண்களை இம்ப்ரஸ் பண்றதுக்கு நிறைய விஷுவல்ஸ் வந்து, தன்னை எவ்வளவு பியூட்டிஃபுல்லா காமிச்சுக்கறாங்கன்னு இருக்குது."
0175.wav,"எனக்கு அது ஒரு இன்ட்ரஸ்டிங்கான இன்ட்ரஸ்டிங்கான விஷயமா பட்டுச்சு. எனிவே, நைன்த் ஒன் என்ன அப்படின்னு பார்த்தீங்கன்னால், நல்ல வேலைக்கு ஆனா ஆம்பளையா இருந்துகிட்டு அழகா காமிச்சுக்கணும்னா, அது எவ்வளவு பெரிய வேலை, இது நம்ம மனிதர்களுக்குள்ள நல்ல வேலைக்கு ஏன் ஆரம்பிச்சு வச்சான்னு தெரியல."
0176.wav,"ஈஸியர்ஃர் மென். நைன்த் ஒன் என்ன அப்படின்னு பார்த்தீங்கன்னால், இந்தியன் மட் கிராப் நண்டு இருக்குல்ல, அதுவும் வந்து ஒரு ஃபேசினேட்டிங்கான சூப்பர் பவர் இருக்குது."
0177.wav,"அது புடிச்சிருச்சுன்னா, நண்டு என்ன பண்ணும்னா, அதுவே அதோட கைய வெட்டி விட்டுருமா. அதுக்கு அந்த டெக்னாலஜி இருக்கும், ஆம்பியூட் பண்ணிடுமா, அதுவே விட்டுட்டு வந்துருமா. அண்ட் அதுக்கப்புறம் முழு கைய அதனால வளர்த்துக்க முடியுமா?"
0178.wav,"விச் இஸ் கிரேசி ரைட்! யோசிச்சு பாருங்களேன், நம்ம கை கால் ஏதாவது போயிடுச்சு, நம்ம மறுபடியும் அதை வளர்த்துக்க முடியும்னா, ஆக்ஸிடென்ட்ஸ் எல்லாம் வந்து நம்ம அவ்வளோ பார்த்து பயப்பட கூட தேவையில்லை. பட் இந்த டெக்னாலஜி நண்டுகளுக்கு இருக்குது."
0179.wav,"டென்த் ஒன் என்ன அப்படின்னு பார்த்தீங்கன்னால், ஒரு தேனி. நம்ம அந்த தேன் கூட்டுக்குள்ள எல்லாம் போய் பார்த்தோம்னா, எப்பவுமே பெர்ஃபெக்ட்டா ஒரு முப்பது டிகிரீசெஸ்ல தான் இருக்குமா?"
0180.wav,"ஒரு விஷயம் சொல்றேன். ஈஸியா யோசிச்சு பாருங்க. ஒருவேளை நம்மகிட்ட ஒரு டெக்னாலஜி இருக்கு, ஓகேவா? வெளிய மழை பெஞ்சாலும் சரி, வெளிய வந்து பயங்கரமா வெயில்லா இருந்தாலும் சரி, வீட்டுக்குள்ள ஒரு டெம்பரேச்சரை நம்மளோட கையை மூவ் பண்ணியே உருவாக்கிக்கிட்டா எப்படி இருக்கும்?"
0181.wav,"நம்மள சுத்தி எப்பவுமே வார்மா வச்சுக்க முடியும்ன்னு. நான் கேக்குறதுக்கு கிரேசியா இருந்தாலும், வெல், பீஸ் இதைதான் பண்ணுது."
0182.wav,"யோசிச்சு பாருங்களேன்! ஹியூமன்ஸ்னால இதை பண்ண முடிஞ்சுச்சுன்னா, ஏசியே யாருக்கும் தேவைப்படாது. இந்த கோல்டு கண்ட்ரிஸ்ல எல்லாம் ஹீட்டர்ஸ் தேவைப்படாது. கிரேசி! ஈலவன்த் ஒன் என்ன அப்படின்னு பார்த்தீங்கன்னால், வவ்வால்."
0183.wav,"பேட்ஸ்ல என்னமதான பெருசா இருக்குது. கோவிட் எல்லாம் ஆரம்பிச்சு விட்டது அதான்னு கேட்டீங்கன்னா, ஆரம்பிச்சு விட்டது அதுதான். ஆனா, அந்த பேட்டோட டிஸ்டன்ஸ் ஆப் ஃிளை என்னைக்காவது யோசிச்சிருக்கீங்களா? பாக்குறதுக்கு இங்க இருந்து அங்க குதிக்குதுன்னுதானே தோணும்."
0184.wav,"பட் நம்ம ஊர்ல இருக்கக்கூடிய வவ்வால் வந்து ஐம்பது கிலோமீட்டர் வரைக்கும் ஒரே ஸ்ட்ரெட்ச்ல போயிட்டு வர முடியுமா? தட் இஸ், சென்னையில இருந்து மகாபலிபுரத்துக்கு ஒரே ஸ்ட்ரெட்ச்ல போக முடியும்."
0185.wav,யோசிச்சு பாருங்களேன்! ஓவர் நைட்ல நீங்க ஓடி போயிட்டு வர முடியும்னா எப்படி இருக்கும்? கோயம்புத்தூர்ல இருந்து திருப்பூர் போயிட்டு வந்துரலாம். மதுரையில இருந்து விருதுநகர் போயிட்டு வந்தரலாம். அவ்வளவு தூரத்துக்கு வந்து ஒரு வவ்வால்னால ஒரே ஸ்ட்ரெட்ச்ல போய் சா ப்பாடு சா ப்பிட்டுட்டு மறுபடியும் திருப்பி வர முடியுமா?
0186.wav,"கிரேசி! டுவல்ஃப்த் ஒன் என்னன்னு பார்த்தீங்கன்னா, நம்ம ஊர்ல இருக்கக்கூடிய கண்ணாடி விரியன். பாம்பு. ஏசியாலயே அதிகமான விஷம் கொண்ட ஒரு பாம்பு எதுன்னு பார்த்தீங்கன்னா, நம்ம தமிழ்நாட்டுல சுத்திட்டு இருக்கக்கூடிய கண்ணாடி விரியன்னு சொல்லக்கூடிய இந்த ஒரு ரசில்ஸ் வைப்பர் தான்."
0187.wav,"அவ்வளவு விஷம் இருக்காம். இது வந்து போட்ட உடனே பாத்தீங்கன்னால, பயங்கரமா இந்த இடத்துல வலியை உருவாக்குறது மட்டும் இல்லாம, கிட்னி ஃபெயலியர் வரைக்கும் உருவாக்கும். ஒன் ஆப் தி மோஸ்ட் வெனம ஸ்னேக் நம்ம ஊர்லதான் சுத்திட்டு இருக்குது அப்படின்னு சொல்றாங்க, கிரேசி!"
0188.wav,வெறும் இருபத்து மூணு லேக்பீஸ் இருந்தா போதும். உலகத்துல எந்த நாட்டுக்கும் இல்லாத ஒரு ஆபர துபாய் வந்து இந்தியாவுக்கு கொடுத்துருக்காங்க.
0189.wav,"லாஸ்ட் ஒரு ஒரு வாரமா பாத்தீங்கன்னா இந்தியால ஷேர் பண்ணாத ஆளே இருக்க மாட்டாங்க. எஸ்பெஷலி நம்ம ஊர்ல பாத்தீங்கன்னா பிரெண்ட்ஸ் கேங்கக்குள்ளல்லாம், ஃபேமிலி குரூப்ல எல்லாம் மாத்தி மாத்தி இத போட்டு வாங்க எல்லாரும் துபாய் கிளம்பலாம்."
0190.wav,துபாய் கிளம்பலாம்!
0191.wav,"மதன், என்ன மதன் சொல்ற அப்படின்னுதான் நிறைய பேரு ஜர்காவீங்க. வெல், இன்னைக்கு வீடியோல நான் டீடைல்டா என்ன நடந்துருக்கு அப்படிங்கறத எக்ஸ்பிளைன் பண்றேன். அண்ட் கோல்டன் விசா வாங்கலாம், அதுக்கு எவ்வளவு செலவாகும் அப்படிங்கற எல்லா விஷயத்தையும் உங்ககிட்ட நான் உண்மையிலேயே சொல்றேன்."
0192.wav,கோல்டன் விசான்னா என்ன? எதுக்கு இவ்வளவு பேர் இவ்வளவு ஹைப் ஆயிட்டு இருந்தாங்க? பெரிய பெரிய நியூஸ் சேனல்ஸ்லாம் கூட பிரேக் பண்ணாங்களே. அப்புறம் எப்படி அது ஃபேக்கா இருக்குது? அப்படிங்கிற நிறைய கேள்விகள் உங்களுக்கு இப்ப வர ஆரம்பிச்சிருக்கும்.
0193.wav,இன்னைக்கு வீடியோல அந்த கேள்விகளுக்கான பதில் எல்லாத்தையும் தான் உங்ககிட்ட ஓவனா சொல்ல போறேன்.
0194.wav,"சேர்ந்துட்டீங்களா? இப்ப உங்ககிட்ட எக்ஸ்பிளைன் பண்ண ஆரம்பிக்கிறேன். ஹலோ எவரிஒன், நான் மதன் கௌரி அண்ட் ஹலோ மை டியர் எம்ஜி ஸ்கவாட்."
0195.wav,"ஒரு டைம் நம்ம வந்து ஒரு லாக் திராம், ஓகேவா, அவங்களோட கரன்சி, நம்ம வந்து யுஏஇடி நம்ம வந்து பே பண்ணி கோல்டன் வீசா வாங்கிக்கலாம் அப்படிங்கறதுதான் வந்து பேசிக்கா இன்டர்நெட்ல சுத்திட்டு இருந்த ரூமர்."
0196.wav,அவங்க ஊரு கரன்சிக்கு ஒரு லட்ச ரூபாங்கறது நம்ம ஊரு கரன்சிக்கு இருபத்து மூணு லட்சம் ரூபா. சோ இருபத்து மூணு லேக்ஸ் கொடுத்துட்டு நம்ம ஒரு கோல்டன் வீசா வாங்கிக்கலாம்ங்கறதுதான் ரூமரா இன்டர்நெட்ல சுத்திட்டு இருந்துச்சு.
0197.wav,"ஃபர்ஸ்ட் இது பொய்யான நியூஸ்ங்கறது இருக்கட்டும். கோல்டன் விசானா என்ன மதுன்னு, எதுக்கு எல்லாரும் இவ்வளவு ஹைப் பண்ணாங்கன்னு கேப்பீங்கல்ல."
0198.wav,"மூணு ரீசன்னால ஜெனரலா ஒரு கண்ட்ரிக்கு யாரா இருந்தாலும் போவாங்க. ஃபர்ஸ்ட் என்னன்னு பாத்தீங்கன்னா, ஸ்டூடென்ட் விசா. படிக்கிறதுக்கு போகலாம். ரெண்டாவது, வொர்க் விசா, பிசினஸ் இல்ல வந்து ஏதாவது இடத்துல வேலை பார்கறதுக்கு, அங்க இருந்து ஒரு கம்பெனில வேலை கொடுத்துருக்காங்க, நான் போய் வேலை பாரக்கணும்."
0199.wav,"இதுக்காக ரெண்டாவது ஒரு ஆப்ஷன். ஒரு நாடு உங்கள அலவ் பண்ணுவாங்க. மூணாவது, மோஸ்ட் ஃபேமஸ் ஆப்ஷன், டூரிஸ்ட். டூரிஸ்ட்டா உள்ள அலவ் பண்ணுவாங்க. பட் ஒரு ஒரு மாசம், ரெண்டு மாசம் இல்ல ஒரு வருஷத்துக்குள்ள திரும்பி கிளம்புப்பா அப்படின்னருவாங்க."
0200.wav,"எந்த கண்ட்ரிக்கு போறதுனால இந்த மூணு விசாதான் மேஜரா இருக்கும், கரெக்டா. இதெல்லாம் போக ஒரு கண்ட்ரியா வந்து சில பேர் வந்தா சூப்பரா இருக்கும்னு நினைப்பாங்கல்ல. ஒரு கண்ட்ரி எப்போ சந்தோஷமாவாங்க, இவங்க எல்லாம் வராங்கன்னு."
0201.wav,"யாரு வந்தா சந்தோஷமாவாங்கன்னு பாத்தீங்கன்னா, இருக்கறதுலயே அல்ட்ரா ஃபேமஸான ஆட்கள், இருக்கறதுலயே அல்ட்ரா சக்சஸ்ஃபுல்லான ஆட்கள், இருக்கறதுலயே அல்ட்ரா பணக்காரங்கல்லாம் வந்து ஒரு நாட்டுக்கு வந்தாங்கன்னா, அது அந்த நாட்டோட எகனாமிக்கும், அட்வர்டைஸ்மெண்டக்கும் எல்லாத்துக்கும் நல்லதுதானே."
0202.wav,சோ இதை ப்ரொமோட் பண்றதுக்கு துபாய் வந்து யுனைட்டட் அரப் எமிரேட்ஸ் வந்து கோல்டன் வீசா அப்படிங்கற ஒரு கான்செப்ட்ட வந்து லான்்ச் பண்றாங்க.
0203.wav,"இல்ல நீங்க ஒரு பெரிய பணக்காரனா இருக்கீங்க, நீங்க வந்து இந்த மிடில் ஈஸ்ட்ல இருந்து இந்த யுனைட்டட் அரப் எமிரேட்ஸ்ல வந்து கிட்டத்தட்ட நாற்பது கோடி ரூபாய்க்கு மதிப்பான சொத்து ஏதாவது வாங்குனீங்கன்னா, உங்களுக்கு கோல்டன் விசா கிடைக்கும்."
0204.wav,"இந்த மாதிரி சில கண்டிஷன்ஸ் அப்ப கோல்டன் விசாங்கறது ஒன்னு கொடுப்பாங்க. கோல்டன் விசா வச்சு என்ன பண்ணலாம்னு பாத்தீங்கன்னால், ஒரு பத்து இயர்ஸ், ஐந்து டு பத்து இயர்ஸ்க்கு வந்து எந்த வீசாவுமே எடுக்க தேவையில்லை."
0205.wav,நீங்க பேசிக்கா இன்னொரு வீட்டுக்கு போயிட்டு வர மாதிரி போயிட்டு வரலாம். அங்க நீங்க பிசினஸ் ஆரம்பிக்கலாம். அங்க பேங்க் அக்கவுண்ட் ஓபன் பண்ணலாம். பேசிக்கா அந்த நாட்டோட ஒரு டெம்பரரி சிட்டிசனாவே கிட்டத்தட்ட ஒரு டிக்கேடு வரைக்கும் பத்து வருஷம் வரைக்கும் வாழலாம்.
0206.wav,அங்க உங்க பசங்களை படிக்க வைக்கலாம். அங்க நீங்க வேலைக்கு போகலாம். அங்க வேலை ஆரம்பிக்கலாம். என்னனாலும் பண்ணலாம். இந்த மாதிரி நிறைய ப்ரோவிஷன்ஸ் இருக்கறதுதான் இந்த கோல்டன் விசா. இதை வந்து துபாய் எதுக்கு கொண்டு வராங்க?
0207.wav,"உலகத்துல இருக்கிற நிறைய பணக்காரங்க, ஃபேமஸான ஆட்கள். நம்ம ஊர்ல இருந்தே நிறைய ஆக்டர்ஸ் எல்லாம் பாத்தீங்கன்னா, அங்க கிளம்பி கோல்டன் வீசா எல்லாம் வாங்கிட்டு இருக்காங்க. கேரளால இருந்து நிறைய யூர்சஸ் வந்து கோல்டன் வீசா வாங்கிருக்காங்க."
0208.wav,"இப்படி நிறைய பேர் வந்து அங்க போய் வாங்கிக்கலாம். சோ, அந்த கண்ட்ரி வந்து வெல்கம் பண்றாங்க, நீங்க எல்லாம் வாங்க அப்படின்னு சொல்லிட்டு. இதுதான் கோல்டன் விசாவோட ஒரு பேசிக்கான லாஜிக்."
0209.wav,"எப்படி இப்போ கிட்டத்தட்ட நாற்பது ஆறு கரோர்ஸ் இந்தியன் கரன்சி கொடுத்து, ஒரு லேண்ட் வாங்கி வாங்கக்கூடிய கோல்டன் வீசாவை இருபத்து மூணு லட்சம் ரூபாய் நீங்க ஒரு டைம் கவர்மெண்ட்க்கு பே பண்ணி நீங்க வீசா வாங்கிக்கலாம்ன்னு சொன்ன உடனேதான், எல்லாரும் மீம் எல்லாம் பாத்தீங்கன்னா, அவ்வளோுதான், எல்லாரும் கேட்ட பிச்சுக்கிட்டு ஓடுற மாதிரி எல்லாம் போட்டுட்டு இருந்தாங்க."
0210.wav,"கடைசியில என்ன ஆச்சுன்னு பாத்தீங்கன்னா, அவங்களோட கவர்மெண்ட் வந்து, டேய், நான் எப்படண்டா அப்படில்லாம் சொன்னேன், அப்படில்லாம் எதுவும் இல்லை, நிறைய பேர் ஏமாறாதீங்க அப்படின்னு சொல்லிட்டு இன்னைக்கு அனௌன்ஸ்மென்ட் கொடுத்துருக்காங்க. எனக்கு இன்னொரு ஒரு கொஸ்டின் இருக்குது."
0211.wav,எதுனால நம்ம ஊர்ல இவ்வளவு பஸ் ஆகுறாங்க? ஏன் வெளிநாட்டுக்கு போய் வேலை பாக்குறதுங்கறது இவ்வளவு ஒரு ஹைப் ஆன விஷயமா இருக்குது? வெளிநாட்டுக்கு மூவ் ஆகுறது ஹைப்பா இருக்குதுன்னு சொல்லிட்டு நான் கொஞ்சம் யோசிச்சிட்டு இருந்தேன்.
0212.wav,"அப்ப எனக்கே ஒரு பர்சனலா ஒரு இன்சிடென்ட் இருக்குது. உங்களுக்கு நல்லா ஞாபகம் இருக்கும், இருபத்து பத்தொன்பதுல நான் வந்து கத்தார் போயிருந்தேன். ஐ திங்க இந்த சேனலோட ஃபர்ஸ்ட் இன்டர்நேஷனல் விளாகே அதுதான். நம்ம நிறைய இடத்துல வந்து வீடியோ எல்லாம் எடுத்து போஸ்ட் பண்ணி இருந்தோம்ல, கத்தார் போய் அங்க இருக்கற நிறைய எம்ஜி ஸ்கவாட்லாம் கூட மீட் பண்ணோம்."
0213.wav,"அப்போ ரிட்டர்ன் வரப்போ அந்த கத்தார் ஏர்வேஸ்ல வந்து ஒருத்தரை மீட் பண்ணேன், என்கிட்ட உட்காந்துட்டு இருந்தாரு. அவர் வந்து ரொம்ப வயசானவங்க, ஓகேவா, கிட்டத்தட்ட ஒரு அறுபது வயசுல இருந்து எழுபது வயசு கூட இருக்கலாம்."
0214.wav,"ஓகேவா, லைக் அவங்க லேபரரா வந்து கத்தார்ல இருந்து திரும்பி வராங்க. எழுபது வயசுக்கு, தட்ஸ் ஆட் ரைட், நம்ம ஜெனரலா சின்ன வயசு பசங்க போறத பா ப்போம். எழுபது வயசு ஒருத்தர் வந்து அங்க இருந்து திரும்பி கத்தார் ஏர்வேஸ்ல வந்து திரும்பி வந்துட்டு இருக்காரு, கத்தார்ல இருந்து இந்தியாவுக்கு."
0215.wav,"நான் அவங்க கிட்ட வந்து சும்மா பேச்சு கொடுத்துட்டே வந்து, எனக்கு கியூரியஸா இருக்குது. ஏன் அவங்க இவ்வளவு வருஷம் இங்க வேலை பாத்துருக்காங்க. சின்ன வயசுல வேலை பாக்குறதுன்னு ஒன்னு இருக்கு. அவங்க கிட்ட கேட்டப்போ அவங்க சொன்னாங்க, பொண்ணுங்களுக்கு கல்யாணம் பண்ணி வைக்கிறதுக்கு நான் வேலை பார்க வந்தேன்பா."
0216.wav,"ரொம்ப வருஷமா அவங்க திருப்பியே போகல. ரொம்ப நாள் கழிச்சு அவங்க இப்பதான் திருப்பி போயிட்டு இருக்காங்க, ஓகேவா. அப்படி போகுறப்போ எனக்கு ஒரு பெரிய அன்னையில இருந்து இன்னைக்கு வரைக்கும் எனக்கு இருக்கற கியூரியாசிட்டி, ஏன் வெளிநாட்டு மோகம்."
0217.wav,"ஏன் வந்து இவ்வளவு நம்ம ஊர்ல இருக்கறவங்களுக்கு வெளிநாட்டுக்கு போறது ஒரு பெரிய ஹைப்பா இருக்குது. துபாய் போறது ஹைப்பா இருக்குதுன்னு பாத்தீங்கன்னா, டூரிஸ்ட்டா போயிட்டு வரத எனக்கு புரிஞ்சுக்க முடியுது. பெருசா பில்டிங் பாக்குறோம், மால் பாக்குறோம், ரிட்டர்ன் வந்துரலாம்."
0218.wav,"பட் போய் செட்டில் ஆகுறதுங்கிற ஒரு கேள்வி இருக்குல்ல. எனக்கு அந்த கொஸ்டின் இருக்குது. சோ, நான் என்ன பண்ணேன்னு பாத்தீங்கன்னா, இதுக்கெல்லாம் பதில் சொல்ற ஒரே ஆள் இன்னைக்கு யாரு? நேர்மையா, நடுநிலையா? ஆர்டிபிசியல் இன்டெலிஜன்ஸ் தான்."
0219.wav,"சோ, ஏஐ கிட்ட கொஞ்சம் ஜாம் பண்ணேன். ஓகேவா, நான் கேள்வி கேக்குறேன்."
0220.wav,"பட் வெளிநாட்டுல போய் செட்டில் ஆகணும்னு ஏன் இத்தனை பேர் நினைக்கிறாங்க அப்படின்னு, எஸ்பெஷலி இந்தியன்ஸ், நம்ம ஊர்ல தமிழ்நாட்டில இருந்துன்னு கேக்குறப்ப, அது வந்து ஒரு பத்து ரீசன் கொடுத்துச்சு. ஐ தாட் இன்னைக்கு வீடியோல அத நான் உங்ககிட்ட சொல்றது வந்து கொஞ்சம் என்லைட்டனிங்கா இருக்கும்னு நினைக்கிறேன்."
0221.wav,"ரெண்டு காரணத்துக்கு. ஒன்னு, நம்ம ஊர்ல இருக்கறவங்க வந்து இதெல்லாம் ஃபிக்ஸ் பண்ண பார்க்கலாம். ரெண்டாவது, இதுல நிறைய விஷயம் நம்ம ஊர்ல இன்னைக்கு வர ஆரம்பிச்சிருச்சு, ரியலைஸ் ஆகாம கிளம்பிட்டு இருக்கோம்."
0222.wav,"ஏய், அது சரிப்பா, ஏன் போறாங்கன்னு கேட்டீங்கன்னால், ஹையர் சேலரி, மோஸ்ட் ஆப்வியஸ் ரீசன். நிறைய பேர் வந்து சம்பளம் நம்ம ஊரை விட வெளியில அதிகமா இருக்குங்கறத ரொம்ப ஸ்ட்ராங்கா நம்புறாங்க."
0223.wav,"ஆக்ஷுவலா இன்னைக்கு அது மாறிட்டு இருக்குது. நீங்க உங்க பிரண்ட்ஸ் யாராவது இங்கேயே நிறைய ஸ்டார்ட்டப்ஸ்லல்லாம் ஹையர் சேலரிஸ்க்கு இருக்காங்கன்னா, ஒரு பெரிய பெரிய கம்பெனிஸ்ல வேலை பார்கறாங்கன்னா, கேட்டு பாருங்க. இந்தியால வந்து ஆக்ஷுவலா சேலரி வந்து இப்ப அதிகமாக ஆரம்பிச்சிருச்சு."
0224.wav,"எஸ்பெஷலி உங்களுக்கு டேலன்ட் இருந்துச்சுன்னா, நிறைய பேர் பே பண்ண ரெடியா இருக்காங்க. பட் ஹையர் சேலரிஸ் ஆப்கோர்ஸ் கூக அளவுக்கு யாரும் இங்க பே பண்ண முடியாது. அங்க நிறைய பேர் கிளம்பி போயிட்டு இருக்காங்க. மூணாவது விஷயம் என்னன்னு பாத்தீங்கன்னா, பெண்கள் வந்து, எஸ்பெஷலி வெளிநாட்டுல போய் வேலை பார்கணும், அவர் படிக்க போணும்னு நினைக்கிறது."
0225.wav,"இந்தியால நிறைய பெண்கள் வந்து ஃப்ரீடமே ஃபீல் பண்றது இல்லை. உண்மையிலேயே சுதந்திரமா இருக்கேன் அப்படிங்கறத ஃபீல் பண்றதே இல்லை. வெளிநாட்டுக்கு போறப்பதான் நான் சுதந்திரமா இருக்கேன், உண்மையிலேயே நான் இன்டிபெண்டன்ட்டா இருக்கேன்."
0226.wav,"ஏன்னா நான் நினைச்ச நேரத்துக்கு வெளியே போக முடியும், வர முடியும், பத்திரமா இருக்க முடியும், சா ப்பிட போக முடியும், என்னனாலும் பண்ண முடியும்ங்கிற ஒரு ஃபீலிங்கே வந்து அவங்களுக்கு வெளிநாட்டுக்கு போறதுனாலதான் வருதுங்கறதுனால, நிறைய விமன் வந்து வெளிநாட்டுக்கு போகணும்னு ஆசைப்படுறாங்களாம்."
0227.wav,"நாலாவது விஷயம் என்ன அப்படின்னு பாத்தீங்கன்னால், மோஸ்ட் ஆப் தி அப்பா அம்மா வந்து எப்படியாவது வெளிநாட்டுக்கு போயிடணும்னு யோசிக்கிறதுக்கு காரணம், பெட்டர் ஃயூச்சர் ஃபர் சில்ட்ரன். அது வந்து அந்த நாட்டுல வளரக்கூடிய குழந்தைகளா இருக்கட்டும்."
0228.wav,"இங்க காசை திருப்பி அனுப்பிச்சு இங்க வந்து கன்வர்ஷன் ரேட்ல அதிகமா வரும். இங்க பசங்க பெட்டரான ஸ்கூல்ல படிக்கட்டும்னு நினைக்கிறதா இருக்கட்டும். பட் மோஸ்ட் ஆப் தி டைம், அப்பா அம்மா வந்து வெளிநாட்டுல வாழ்றதுக்கான காரணம், குழந்தைங்க சந்தோஷமா இருக்கணுங்கறதுக்காக."
0229.wav,"அஞ்சாவது ரீசன் வந்து, நிறைய பேரு இந்தியால நம்ம கெட்டற டாக்ஸ்க்கு நியாயமான சர்வீசஸ் கிடைக்கலன்னு நினைக்கிறாங்களாம். சோ இவ்வளவு டாக்ஸ், இந்தியா வந்து ஒரு ஆப் தி ஹையஸ்ட் டாக்ஸஸ், உலக அளவுல நீங்க பாத்தீங்கன்னா, இந்தியா வியா ஒரு ஆப் தி ஹையஸ்ட் டாக்ஸஸ் இருக்கக்கூடிய கண்ட்ரி."
0230.wav,"துபாய் எல்லாம் பாத்தீங்கன்னா ஒண்ணுமே கிடையாது, கம்பேர் பண்ணி பாத்தீங்கன்னா. சோ அப்படி இருக்கறப்ப, நிறைய பேர் என்ன ஃபீல் பண்றாங்கன்னா, நான் இவ்வளவு டாக்ஸ் கட்டுறேன், எஸ்பெஷலி நிறைய டாக்ஸ் கட்டறவங்க, நியாயமா டாக்ஸ் கட்டறவங்க, நிறைய பேர் எப்பவுமே ஒரு லூப் ஹோல் கண்டுபிடிச்சு போயிடுவாங்கன்னு வச்சுக்கோங்க."
0231.wav,"பட் உண்மையிலேயே டாக்ஸ் கட்டுறவங்க என்ன நினைக்கிறாங்கன்னா, எஸ்பெஷலி சேலரிடா இருக்கறப்ப, நம்ம அதுல எல்லாம் இவேட் பண்ணவே முடியாது. ப்ரா ப்பரா டாக்ஸ் கட்டிதான் ஆகணும். சோ, அப்படி டாக்ஸ் கட்டுறப்ப, நான் இவ்வளவு டாக்ஸ் கட்டுறேன், ஆனா, எனக்கு பதிலுக்கு என்ன கிடைக்குதுன்னு யோசிக்கிறப்போ, அவங்க வந்து நியாயமா இல்லைன்னு நினைக்கிறாங்க."
0232.wav,"அதனால நிறைய பேர் மைக்ரேட் ஆகுறாங்களாம். சிக்ஸ்த் ஒன் என்ன அப்படின்னு, நிறைய பேர் இந்த வீடியோ வெளிநாட்டுல இருந்து பார்த்துட்டு இருப்பீங்க, நான் சொல்றது கரெக்டா இல்லையான்னு கமெண்ட்ல சொல்லிட்டே வாங்க. எந்த பாயிண்ட் கரெக்ட்ன்னு சொல்லுங்க. சிக்ஸ்த் ஒன் என்னன்னு பாத்தீங்கன்னா, கரப்ஷன் இல்லாத வாழ்க்கை வேணும்னு நிறைய பேர் ஆசைப்படுறாங்க."
0233.wav,"அதாவது, பேசிக்கா ஒரு லைசன்ஸ் வாங்க போறதுல இருந்து, போலீஸ் கிட்ட கம்ப்ளைன்ட் கொடுக்க போறதுல இருந்து, இந்த கரப்ஷன் வேணாங்கறதுக்காக, நிறைய பேர் இந்தியா விட்டு, எனக்கு இது அவ்வளவு பெரிய பிரச்சனையான்னு, எனக்கு இப்பதான் தோணுது. கரப்ஷன்க்காக நிறைய பேர் கிளம்பி போவாங்கன்னு சொல்லுது."
0234.wav,"செவன்த் ஒன் வந்து, பேசிக் சிவிக் சென்ஸ். சிவிக் சென்ஸ்ன்னு சொல்றப்போ, ரோட்ல ஒழுங்கா கரெக்டா வண்டி ஓட்டுறது, குப்பையை போடாம இருக்கிறது, குப்பைய வந்து கரெக்டா குப்பை தொட்டியில போடுறது. இந்த மாதிரி பேசிக்கான சிவிக் சென்ஸ் இருக்குல்ல, தேவையில்லாம வந்து ஆப்போசிட் டைரக்ஷன்ல வராம இருக்கிறது."
0235.wav,"இத பேசிக்கான விஷயம், டிராபிக் சிக்னல்ல வந்து தாண்டாம இருக்கிறது, பத்திரமா சேஃபரா நான் சொசைட்டில ஃபீல் பண்ணும். எல்லாருமே அவங்க அவங்க சிவிக் சென்ஸ்குள்ள கரெக்டா இருப்பாங்கங்கறது வந்து ஒரு முக்கியமான ரீசன் அப்படின்னு ஏஐ சொல்லுது."
0236.wav,"எயத் ஒன் என்ன அப்படின்னு பாத்தீங்கன்னா, நிறைய பேர் என்ன நினைக்கிறாங்கன்னா, தமிழர்கள் வந்து பை டீபால்ட்டே வெளிநாட்டுக்கு போனா சக்சஸ்ஃபுல்லா இருப்பாங்கங்கிற ஒரு நம்பிக்கை இருக்குது."
0237.wav,"அது வந்து ஒரு இருநூறு முந்நூறு வருஷத்துக்கு முன்னாடி போன மலேசியால இருக்கக்கூடிய தமிழர்களா இருக்கட்டும், ஆயிரக்கணக்கான வருஷத்துக்கு முன்னாடி கிளம்பி போன இலங்கையா இருக்கட்டும், இல்ல அங்கேயே இருக்கக்கூடிய தமிழர்களா இருக்கட்டும், இப்படி நம்ம தமிழர்களே வேர்ல்டு ஃபுல்லா இருக்கறப்போ, ரொம்ப ஸ்ட்ராங்கா என்ன நினைக்கிறாங்கன்னா, இங்க வந்து ரொம்ப சக்சஸ், சக்சஸ்ஃபுல்லா தமிழ்நாடு தமிழர்கள் வெளியே போய் சக்சஸ்ஃபுல்லா இருக்கறது, லண்டன்ல பாத்தீங்கன்னா, ஸ்ரீலங்கன் தமிழ் இப்ப ரீசன்டா மைக்ரேட்டட், அவ்வளவு சக்சஸ்ஃபுல்லா இருக்காங்க, யுஎஸ்ல சுந்தர் பிச்சை, கமலா ஹாரிஸ்னு எக்ஸாம்பிள் சொல்லிட்டே போகலாம்."
0238.wav,"இப்படி எல்லாம் சக்சஸ்ஃபுல்லா இருக்கறவங்கள பாத்துட்டு, நம்மளும் போகலாம் அப்படிங்கற ஒரு நம்பிக்கை இருக்கு அப்படிங்கறாங்க. அண்ட் நைன்த் ஒன் என்ன அப்படின்னு பாத்தீங்கன்னால், இது வந்து எனக்கு உண்மையிலேயே ரொம்ப அவ்வளவு பெரிய ஒரு விஷயம்ங்கறது இப்பதான் ஸ்ட்ரைக் ஆகுது."
0239.wav,"இன்டர் காஸ்ட் கப்பிள் இருப்பாங்கல்ல, எஸ்பெஷலி கிராமங்கள்ல, ரூரல் சைடு ஆப் தமிழ்நாடு வே வந்து, ரெண்டு ஜாதியில இருக்கறவங்க மிக்ஸ் ஆகி கல்யாணம் பண்றவங்க வந்து, ரெண்டு வீட்லயுமே அக்செப்ட் பண்ணாத நிலைமையில, அதுல ஒரு வீட்ல பயங்கரமா அப்போஸ் பண்ற நிலைமையில, பத்திரமா இருக்கணும்ங்கறதுக்காக, சொசைட்டியா வந்து யாரும் வம்புக்க கூடாதுங்கிற ஒரு காரணத்துக்காக, வெளிநாட்டுக்கு போய் வாழ்றதுன்னு ஒன்னு இருக்குங்குறாங்க."
0240.wav,"இது உண்மையிலேயே சோகமா இருந்துச்சு. அண்ட் லாஸ்ட் ஒன் என்ன அப்படின்னு பாத்தீங்கன்னால், டென்த் ஒன், வெளிநாட்டுல போய் வேலை பார்கறது பேசிக்கா ரொம்ப பெரிய ஃிளெக்ஸாம். சோ அது வந்து, எனக்கு இன்னமும் ஃிளெக்ஸான்னு தெரியல."
0241.wav,"பேசிக்கா நான் வந்து, ஏய் பாத்தியா, நான் வெளிநாட்டு ஆளு அப்படின்னு சொல்றதுதான் வந்து இருக்கறதுலயே பெரிய கூலான விஷயமா இருக்குதுன்னு ஏஐ சொல்லுது. எனக்கு இது ஞாபகம் இருக்கு."
0242.wav,"அவங்கள பேசிக்கா, அவங்க திருப்பி கிளம்பி போற வரைக்கும், அவங்கதான் ஹீரோவா பாத்துட்டு இருப்போம். பட் எனக்கு இன்னமும் அப்படி இருக்கா? நான் சொல்றது ஏர்லி இருபதாயிரத்துல, இன்னும் இருபத்து இருபத்து ஐந்து வந்துட்டோம். இன்னமும் அப்படியே இருக்கா அப்படின்னு வந்து எனக்கு தெரியல."
0243.wav,"பட் இதெல்லாம்தான் பத்து முக்கியமான ரீசன்ஸ், பீப்பிள் ஜஸ்ட் வாண்ட் டு லீவ் இந்தியா அண்ட் கோ டு அதர் கண்ட்ரி அண்ட் செட்டில் டவுன், ஜஸ்ட் டூரிசம் கிடையாது, செட்டில் டவுன். பட் இதெல்லாம் வந்து ஏஐயோட சஜஷன்ஸ், ஓகேவா."
0244.wav,"இதுல எந்த காரணத்தினால வெளிநாட்டுல வாழக்கூடிய தமிழர்கள், கமெண்ட்ல சொல்லுங்க. எதனால நீங்க வெளியே போயிருக்கீங்கன்னு. இங்க இருக்கறவங்க யாராவது வெளிநாட்டுக்கு போகணும்னு நினைச்சீங்கன்னா, எதனால போகணும், இந்த பத்து பாயிண்ட்லங்கறத நீங்க கமெண்ட்ல சொல்லுங்க."
0245.wav,"அண்ட் முக்கியமான விஷயம், இந்த வீடியோவ உங்க பிரண்ட்ஸ் யாராவது துபாய்க்கு கிளம்பி போக போற மமதையில இருந்தாங்கன்னா, அதெல்லாம் பொய்யான நியூஸ், கிளம்பி எல்லாம் போயிடாது, கஸ்டம்ஸ்ல புடிச்சிருவாங்கங்கறத, இந்த வீடியோ வந்துச்சு சொல்லுங்க."
0246.wav,"நாளைக்கு உங்களோட வீடியோல பாகறேன், அன்டில் தன், பை மதன், சைனிங் ஆஃப், லவ் யூ ஆல், டேக் கேர் பா, அண்ட் அஸ் ஆல்வேஸ், நீங்க இந்த மாதிரி வேர்ல்டு ஃபுல்லா நடக்குற விஷயங்களை டெய்லி தெரிஞ்சுக்கணும்னு நினைச்சீங்கன்னா, சேனல் சப்ஸ்கிரைப் பண்ணி எம்ஜி ஸ்கவாட்ல சேருங்க, சஸ்!"
0247.wav,ஒரு பதிமூணு டு பதிநான்கு ஹர்ஸ்க்கு முன்னாடி ஸ்கூல் வேன் வந்து ஸ்கூலுக்கு பசங்களை பிக் பண்ணிட்டு போயிட்டு இருக்குது.
0248.wav,போற வழியில வந்து ஒரு ரயில்வே கேட் இருக்குது. இந்த ரயில்வே கேட் வந்து ட்ரெயின் வருதுன்னா கரெக்டா கக்ளோஸ் ஆயிருக்கணும் கரெக்டா. பட் இன்னைக்கு காலையில அந்த ரயில்வே கேட் திறந்துருக்குது. இவங்க தாண்டிடலாம்னு கரெக்டா போகிறப்போ ட்ரெயின் வந்துருச்சு.
0249.wav,"கக்ளோஸ் ஆகி இருக்கற வேண்டிய கேட் வந்து ஏன் திறந்திருந்துச்சு அப்படின்னு கேட்டா, இன்னைக்கு எல்லாருமே மாத்தி மாத்தி கை காமிச்சிட்டு இருக்காங்க. அதெல்லாம் நான் அடுத்து சொல்றேன். திறந்துருந்திருக்குது. இந்த வேன் கரெக்டா போகுது."
0250.wav,உள்ளுக்குள்ள நான் சொன்ன மாதிரி பசங்க இருக்காங்க. அஞ்சு பேரு மொத்த வேன் உள்ள இருக்காங்க. டிரைவர் சேர்த்து கரெக்டா அவங்க தாண்டுறப்போ ட்ரெயின் வந்து அடிச்சிருது. அடிச்சு ஐம்பது மீட்டர்க்கு இழுத்துட்டு போகுது.
0251.wav,இழுத்துட்டு போற வழியில வந்து எலக்ட்ரிக் கம்போம் எல்லாம் இருக்குது.
0252.wav,"இதுல மிகப்பெரிய பிரச்சனை என்னன்னு பாத்தீங்கன்னா, இவ்வளவு நேரம் ஆயிடுச்சு. ஆல்மோஸ்ட் பன்னிரண்டு ஹவர்ஸ் ஆயிடுச்சு நான் இந்த வீடியோ எடுக்குறப்போ. இவ்வளவு நேரம் கழிச்சு, யாருக்குமே நூறு பர்சென்ட் இதுதான் நடந்துச்சுன்னு இத்தனை பேர பார்த்தாலும், யாருக்குமே தெரியல."
0253.wav,"ஏன்னா எல்லாரும் மாத்தி மாத்தி கை காமிக்கிறாங்க. அதுல என்ன பிரச்சனைன்னு பாத்தீங்கன்னால், எல்லாரும் மாத்தி மாத்தி கை காமிச்சாலும் நூறு பர்சென்ட் இது தவிர்த்துருக்க கூடிய ஒரு விஷயம்னு தெரியறப்போதான் ரொம்ப சோகமா இருக்குது."
0254.wav,"என்ன நடந்திருக்கு, எல்லாரும் என்னென்ன சொல்றாங்கங்கறத உங்ககிட்ட நான் டீடைல்டா சொல்றேன். மூணு பசங்க இறந்து போயிருக்காங்க. ரெண்டு பேரு இப்போ ஹாஸ்பிடல்ல இருக்காங்க. காப்பாத்த வந்த ஒருத்தங்க ஹாஸ்பிடல்ல இருக்காங்கன்னு சொல்லிட்டு, என்னல்லாமோ நடந்திருக்குது தமிழ்நாட்டுல நடந்திருக்குது."
0255.wav,என்ன நடந்துச்சுன்னு சொல்ல ஆரம்பிக்கிறேன். பட் இது என்னைக்கும் பேசுற ஒரு வீடியோ மாதிரி இல்ல.
0256.wav,"அதெல்லாம் பாக்குறப்போ உண்மையிலேயே என்ன சொல்லி அவங்க அப்பா அம்மாவை கன்வின்ஸ் பண்றது, எப்படி அவங்கள கன்சோல் பண்ணுறது, எதுவுமே எதுவுமே தெரியல. இன்னைக்கு வீடியோல இந்த சப்ஸ்கிரைப் இந்த பாருங்க அதெல்லாம் தோணல."
0257.wav,"மனசுல இருக்கறத நான் ஓபனா பேச போறேன். முதல்ல என்ன நடந்துச்சு அப்படிங்கறத வந்து நான் உங்ககிட்ட சொல்லிடுறேன். முதல் விஷயம் என்ன அப்படின்னு பாத்தீங்கன்னால், இது வந்து விழுப்புரம்ல இருந்து மயிலாடுதுறை, மயிலாடுதுறை விழுப்புரம் பாசஞ்சர் எக்ஸ்பிரஸ் ஓகேவா."
0258.wav,"இந்த ட்ரெயின் வந்து ஸ்டேஷன்ல இருந்து கிளம்பி போயிட்டு இருக்குது. ஒரு ஏழு நாற்பத்து ஐந்து அந்த மாதிரி ஏஎம்க்கு வந்து செம்மங்குப்பம், செம்மங்குப்பம் அப்படின்னு சொல்லப்படக்கூடிய ஒரு பர்டிகுலர் கிராஸங் வந்து கடலூர் கிட்ட இருக்குது."
0259.wav,"இந்த இடத்துல இந்த ட்ரெயின் வந்து கிராஸ் ஆக போகுது. இப்ப இதே நேரத்துல என்ன ஆகுதுன்னு பாத்தீங்கன்னா, ஒரு ஸ்கூல் வேன். காலையில ஏழு நாற்பத்து ஐந்து க்கு நான் சொன்ன மாதிரி பசங்களை பிக் பண்ணிட்டு, நாலு பசங்களை பிக் பண்ணிட்டு டிரைவர் சேர்த்து வந்துட்டு இருக்காங்க வேன்."
0260.wav,"அந்த கேட் வந்து ஓபன் ஆகி இருந்திருக்குது. அண்ட் சைடுல வந்து நிறைய மரம் இருக்குது. சோ மரம் இருக்குறப்ப நம்மளுக்கே தெரியும், நம்ம நிறைய டைம் இத நம்மளே பர்சனலா எக்ஸ்பீரியன்ஸ் பண்ணிருப்போம். நான் பாத்துருக்கேன் மதுரையில அழகப்ப நகர்னு ஒரு இது கூட இருக்கும், ஒரு கிராஸங் இருக்கும்."
0261.wav,"ட்ரெயின் வந்து ஹான் அடிக்கலன்னா வருதுன்னே தெரியாது. நமக்கு கண்ணு முன்னாடிதான் வந்து கேப் கிடைக்குமே தவிர, சைடுல ஃபுல்லா மரமா இருக்கும். அந்த மாதிரி ஒரு கிராஸங் இது ஓகேவா."
0262.wav,அந்த மாதிரி கிராஸங் இருக்கறப்போ இந்த ட்ரெயின் வந்து வந்திருக்குது. இவங்க தாண்டி இருக்காங்க. அடிச்சிருச்சு. அடிச்சு ஐம்பது மீட்டர்க்கு தர தர தரன்னு இழுத்துட்டு போயிருக்குது. அந்த ட்ரெயின்ல வந்த வேகத்துல.
0263.wav,"இழுத்துட்டு போனது மட்டும் இல்லாம, அதுக்கப்புறம் போற வழியில நான் சொன்ன மாதிரி இந்த போஸ்ட் கம்பலம், அந்த எலக்ட்ரிக் போஸ்ட்லாம் இருக்கும்ல, அது எல்லாத்தையும் சேர்த்து இழுத்துட்டு போயி ஒரு மிகப்பெரிய விபத்தாகி, அந்த இடத்துலயே ரெண்டு பசங்க இறந்து போயிருக்காங்க."
0264.wav,"ஒருத்தங்கள ஹாஸ்பிடல் கொண்டு போய் அங்க அவங்க இறந்துட்டாங்க. இன்னும் ரெண்டு பேரு காயம், மொத்தம் அஞ்சு பேரு. சோ டிரைவர் பிளஸ் ஒரு பையன் மட்டும் இப்போதைக்கு கா ப்பாற்றப்பட்டிருக்காங்க ஹாஸ்பிடல்ல இருக்காங்க."
0265.wav,"பட் இந்த ஒரு மிகப்பெரிய விபத்து, சவுண்டு எல்லாம் டம்னு ஒரு சத்தம் கேக்குதே, எல்லாரும் ஓடி வந்து பார்கறாங்க."
0266.wav,யார் என்னன்னு தெரியாது. சவுண்ட் மட்டும் கேக்குது. பசங்க பாதிக்கப்பட்டுருக்காங்க. ஒரு பஸ் கவுந்து கிடக்குதுன்னு தெரியுது. ஐம்பது மீட்டர்க்கு தர தர தரன்னு இழுத்து போயிருக்குது. எதை பத்தியுமே யோசிக்காம காப்பாத்த முதலாளா ஓடி இருக்காரு.
0267.wav,"பட் ஓடுனதுல அவருக்கு வந்து அவர் மேல கரண்ட் அடிச்சு, ஏன்னா நான் சொன்னேன்ல எலக்ட்ரிக் போஸ்ட் கம்பல்லாம் இருக்குன்னு. அதெல்லாம் இழுத்துட்டு போய் அவருமே வந்து தூக்கி போடப்பட்டுருக்காரு."
0268.wav,"பட் சுத்தி இருக்கறவங்க அதுக்கப்புறம் கொஞ்சம் கொஞ்சமா காப்பாத்த முடிஞ்ச, ஹாஸ்பிடலுக்கு அனுப்ப முடிஞ்சவங்கல்லாம் நினைச்சுட்டாங்க. உடனே போலீஸ் வந்துருக்காங்க. எல்லாமே நடந்திருக்குது. இப்போ இது நடந்துருச்சு. ஓகேவா, என்ன நடந்துச்சு, எதனால இது நடந்துச்சுன்கிற கேள்வி."
0269.wav,"இப்ப இந்த கேள்விக்கு வர ஆரம்பிக்கிறப்போ, ஃபர்ஸ்ட் விஷயம் என்னன்னு சொல்றாங்கன்னு பாத்தீங்கன்னா, ரெண்டு வெர்ஷன் இருக்குது. ஒரு வெர்ஷன் என்ன சொல்றாங்கன்னால், அந்த கேட் கீப்பர் அங்க இருக்க வேண்டியவர் ஓகேவா, அவரோட பேரு பங்கஜ் சர்மா அப்படிங்கிற ஒரு பையன்."
0270.wav,"அந்த கேட் கீப்பர் வந்து அங்க இருக்கறப்போ, அவங்க வந்து கேட்டை கக்ளோஸ் பண்ணல. அவங்க கக்ளோஸ் பண்ணி இருக்கணும் அந்த கேட்டை. அவங்க கக்ளோஸ் பண்ணாம திறந்து விட்டுருந்ததுதான் பிரச்சனை."
0271.wav,"அதனால வந்து இப்படி இடிச்சிருச்சு அப்படின்னு வந்து சொல்றாங்க. பங்கஜ் சர்மா என்ன சொல்றாருன்னா, நான் மூடி வச்சிருந்தேன். ஆனா இங்க இருக்குற கிராம மக்கள் இருந்துகிட்டு என்கிட்ட வந்து இல்ல, திறந்து வை."
0272.wav,"நீ எப்படி மூடி வைக்கலாம். இன்னும் ட்ரெயின் தான் வரலையே, திறந்து வை, திறந்து வை அப்படின்னாங்க. அப்புறம் வந்து அந்த டிரைவர், சோ அந்த டிரைவர் வந்து ஸ்கூலுக்கு லேட் ஆயிடுச்சு. நீ வந்து திறந்து விடு அப்படின்னு சொன்னதுனாலதான் நான் வந்து இதை திறந்து விட்டேன் அப்படின்னு சொல்றாங்க."
0273.wav,"இது ஒரு வெர்ஷன். ஓகேவா. இன்னொரு சைடு, அந்த டிரைவர் அண்ட் அந்த இப்போ காப்பாற்றப்பட்ட அந்த ஒரு பையன், ரெண்டு பேருமே என்ன சொல்றாங்கன்னா, ஒரே மாதிரி என்ன சொல்றாங்கன்னா, நாங்க வர்ப்போ அங்க அந்த கேட் கீப்பரே பார்க்க முடியல."
0274.wav,"அவர் அந்த கண்ணுக்கு முன்னாடி விஷன்லயே இல்ல. கேட் எப்பவும் போல திறந்திருந்துச்சு, தாண்ட போறப்போ இடிச்சிருச்சு அப்படின்னு வந்து, அங்க இருக்கக்கூடிய அந்த காப்பாற்றப்பட்ட பஸ் டிரைவரும் அந்த பையனும் சொல்றாங்க."
0275.wav,"இந்த ரயில்வே எக்ஸ்பர்ட்ஸ் இருப்பாங்கல, அவங்க அங்க இருந்து பிரஸ் கிட்ட பேசுறவங்க என்ன சொல்றாங்கன்னால், சீ இந்த கேட் கீப்பர் வந்து கதவை சாத்துற போலாம், அடிக்கடி இங்க இருக்கக்கூடிய கிராம மக்கள் வந்து இல்ல, திறந்து விடுங்க, நான் டூ வீலர்ல போய்க்கிறேன், அதான் இன்னும் வரலையே, ஏன் அதுக்குள்ள நிறுத்துற அப்படின்னல்லாம் சொல்லி திறந்து விட்டுருக்காங்க."
0276.wav,"அவங்க அப்படி திறந்து விட்டுருந்தாலும், அவன் மேல தப்புதான், ஏன்னா அவங்க அப்படி திறந்து விட கூடாது. மக்கள் என்னதான் பிரஷர் பண்ணாலும், இது வந்து உயிர் சம்பந்தப்பட்ட விஷயம்ங்கறப்ப, வந்து யார் என்ன பிரஷர் பண்ணாலும், அது மூடுறதுன்னா, மூடுறதுதான்."
0277.wav,"ரூல்ஸ் ஃபாலோ பண்ண, அவங்க திறந்து விட்டுருக்க கூடாது. பட் இவரு திறந்து விட்டுருக்காரு. ஏன்னா வந்து ஒரு நம்பர் பாஸ் ஆகுமா? சோ, ஒரு ஸ்டேஷனுக்கு வந்து ட்ரெயின், ஒரு சாரி ஒரு கேட்ட வந்து ட்ரெயின் பாஸ் ஆக போகுதுன்னா, முந்தன இடத்துல இருந்து கால் பண்ணி இந்த மாதிரி ஒரு கோடு வந்து சொல்லுவாங்க."
0278.wav,"இவங்க பதிலுக்கு கோடு சொல்லணும். இந்த ப்ராசஸ் எல்லாமே கரெக்டா நடந்திருக்குது. சோ, அவங்க வந்து கேட்டை கக்ளோஸ் பண்ணிருக்காங்க. இங்க சுத்தி இருக்கற கிராம மக்கள் கேட்டதுனால இவங்க திறந்து விட்டுருக்காங்க."
0279.wav,"ஒரு கேட் திறந்துருக்கறத பார்த்துட்டு, அவங்க தாண்ட போயிருப்பாங்க. ஆனா அதே நேரத்துல ட்ரெயினும் வந்ததுனால, மரம் சைடுல இருக்கறதுனால, அந்த ட்ரெயின் வந்தத பார்த்துருக்க மாட்டாங்க. இடிச்சிட்டு போயிருக்கலாம். ரெண்டு பேருமே பொய் சொல்லணும்னு அவசியம் இல்லை, இது நடந்துருக்கலாம் அப்படின்னு சொல்லிட்டு, அவங்க சொல்றாங்க."
0280.wav,"அவங்க இதுதான் வந்து நடந்துச்சு அப்படின்னு சொல்லிட்டு, ரயில்வே ஸ்டாப் வந்து ரொம்ப ஸ்ட்ராங்கா பேசுறாங்க. மக்கள் இருந்துகிட்டு இல்ல, நாங்க பார்த்தோம், அது திறந்துதான் இருந்துச்சுன்கறாங்க. திறந்துதான் இருந்துச்சுன்கறததான் ரயில்வே ஸ்டாப் சொல்றாங்க."
0281.wav,"ஆனா திறந்து விட்டதுக்கான காரணம் என்ன அப்படின்னு கேக்குறப்போ, இவங்க பிரஷர் பண்ணதுனால திறந்துட்டாங்க. ஆனாலும் அது தப்புங்கறதுனால, அவங்கள இப்போ சஸ்பென்ட் பண்ணி இருக்காங்க. வேலைய விட்டும் தூக்கிடுவாங்க அப்படின்னு சொல்லிருக்காங்க."
0282.wav,"எனக்கு என்ன தோணுதுன்னா, இப்படி ஒவ்வொருத்தங்களும் இன்னொருத்தங்க மேல கை காமிக்கிறாங்கல்ல, இப்ப அந்த டிரைவர் என்ன சொல்றாங்கன்னா, நான் வரப்பமே அது தரம்தான் இருந்துச்சு அப்படிங்கிறாரு. நான் அடிக்கடி போயிட்டு வர ரூட்டதான்."
0283.wav,"ஒவ்வொருத்தங்க ஒவ்வொன்னு சொல்றப்போ, அந்த குழந்தைகளை இழந்து இன்னைக்கு அப்பா அம்மா நின்னுட்டு இருக்காங்க. அவங்க கிட்ட போய் நம்ம என்னன்னு பதில் சொல்ல முடியும். எனக்கு இருக்கறதுலயே இதுல வந்து ரொம்ப மனசுக்கு ரொம்ப கஷ்டமா இருக்கு."
0284.wav,"உண்மையிலேயே நான்தான் சொல்றேன்ல, ஒரு அப்பா அம்மா ஆனதுக்கு அப்புறம் உலகத்தை பார்கறதே வேற மாதிரி இருக்குது. அவங்க கிட்ட போய் நம்ம என்னன்னு சொல்லி எக்ஸ்பிளைன் பண்ண முடியும்."
0285.wav,"மூணு பேர் இறந்து போயிருக்காங்க. இதுக்கப்புறம் இன்னும் இது இன்னும் பெருசாகுது. ரயில்வேஸ்ல இருந்து என்ன சொல்றாங்கன்னா, ச எங்ககிட்ட வந்து டேட்டா இருக்குது."
0286.wav,"இந்த டேட்டாவ எல்லாம் வச்சு, இந்த ஒரு பர்டிகுலர் கேட் வந்து நிறைய பேர் போயிட்டு வராங்கங்கற காரணத்தினால, நாங்க வந்து ஒரு சப்வே அமைக்கிறதுக்கு, நாங்க ஃபுல்லா வந்து ஃபண்ட் எல்லாம் பண்ணி, அலகேட் பண்ணி, எல்லாத்தையுமே வாங்கிட்டோம்."
0287.wav,"எங்களுக்கு லோக்கலா பெர்மிஷன் கிடைக்க மாட்டேங்கது இந்த சப்வே போடுறதுக்கு. இதை போட்டுருந்தா, இது கம்ப்ளீட்டா தவிர்க்கப்பட்டிருக்கலாமே. ஒரு வருஷமா நாங்க பெர்மிஷன் கேட்டுட்டு இருக்கோம். எங்களுக்கு லோக்கல் அத்தாரிட்ீஸ் கிட்ட இருந்து இந்த சப்வே போட்டுருந்தாங்கன்னா, கீழ எல்லாரும் ரோட்ல வந்துட்டு போயிருப்பாங்க."
0288.wav,மேல வந்து ட்ரெயின் போயிருக்கும். எல்லாமே தவிர்த்துருக்கலாம். இங்க வந்து ஒரு கேட்டே இருந்திருக்காது. அதுவும் எங்களுக்கு பெர்மிஷன் கிடைக்காம இருந்திருக்குது. அண்ட் இந்த இடத்துல கேட் கீப்பர் பங்கஜ் சர்மா வந்து கேட்ட போட்டுருக்காங்க.
0289.wav,"அவங்க போட்டதுக்கு அப்புறம் லோக்கல் பீப்பிள் இருந்துகிட்டு இல்ல, நீங்க திறந்து விடுங்க அப்படின்னு சொன்னதுனால, என்ன நாங்க என்ன பண்ண முடியும் அப்படிங்கற மாதிரி வந்து, ஐ மீன், அவங்கள ஆக்ஷன் எடுக்கறது தப்பு எல்லாமே சரி, பட் இதுதான் நடந்திருக்குது அப்படின்னு சொல்றாங்க."
0290.wav,"எனக்கு எனக்கு என்ன தோணுதுன்னா, யோசிச்சு பாருங்க, இதுல நிறைய ப்ரோட்டோகால் இருக்குது. ஃபர்ஸ்ட் விஷயம் என்னன்னா, ஒரு ட்ரெயின் வருதுனால, இந்த சிஸ்டம் வந்து இம்ப்ளிமென்ட் பண்ணப்படவில்லைன்னு நம்மளுக்கு தெரியுது."
0291.wav,"ஒரு கேட் மூடி இருக்கு, திறந்துருக்கு அப்படிங்கற பட்சத்தில், திறந்து இருந்துச்சுன்னா, ட்ரெயினுக்கு பை டீபால்ட்டே சிக்னல் வந்து ரெட்லதான் இருக்கும். இந்த கேட் மூடினாதான் ட்ரெயின் வர்துக்கே கிரீன் சிக்னல் ட்ரெயினுக்கே கிடைக்கும்."
0292.wav,"இப்ப இந்த ஆட்டோமேட்டட் சிஸ்டம் இங்க இல்ல அப்படிங்கற பட்சத்தில், இங்க வந்து கேட் கக்ளோஸ் ஆயிடுச்சா அப்படிங்கறத வந்து, நான் சொன்ன மாதிரி அந்த நம்பர் எல்லாம் பாஸ் பண்ணி, முந்தின ஸ்டேஷன்ல இருந்து கோடு எல்லாம் கன்ஃபார்ம் பண்ணும், அதெல்லாம் நடந்துருக்குங்கறாங்க."
0293.wav,"ரெண்டாவது விஷயம் என்ன அப்படின்னு பாத்தீங்கன்னால், ட்ரெயின் வர்துக்கு ஒரு ஏழு நூறு டு எட்டு நூறு மீட்டர்ஸ் முன்னாடில இருந்து ஹான் பண்ணிட்டே வரணும். நல்லா யோசிச்சு பாத்தீங்கன்னா, நம்ம வந்து நின்னுட்டு இருக்கப்போ, அந்த ரோட்ல நிக்கிறப்போ, கேட்கல வந்து கிராஸ் ஆகுறப்போ, முன்னாடி சவுண்ட் கேட்டுகிட்டே வரும்."
0294.wav,"ட்ரெயின் வரப்போகுது, வரப்போகுதுன்னா, அந்த ஹான் சுத்தி இருக்கற ஒரு மூணு நாலு கிலோமீட்டக்கு கண்டிப்பா கேட்கும். யாருமே வந்து அதுல இருந்து தவிர்க்க முடியாது. அவ்வளவு ஸ்ட்ராங்கா கேட்கும். சில கிராம மக்கள், சில நியூஸ் சேனல்ஸ்ல பாக்குறப்போ, அந்த சவுண்டும் வரலங்கிறாங்க."
0295.wav,"அந்த சவுண்ட் ஏன் வரல? இன்னைக்கு ஏன் ஹான் அடிக்கலங்கிற ஒரு கேள்வி இருக்குது. சப்வேக்கு ஒரு வருஷத்துக்கு முன்னாடி பட்ஜெட் வரைக்கும் அலகேட் பண்ணி ரயில்வே டிபார்ட்மென்ட்ல இருந்து கேட்டிருந்தாங்கன்னா, அதுக்கான பெர்மிஷன் ஏன் கிடைக்கல அப்படிங்கற ஒரு கேள்வி இருக்குது."
0296.wav,"இதெல்லாம் போக, அந்த பையன் தூங்கிட்டான்னு ஒரு இது சொல்றாங்கல்ல, அந்த அதான் சொல்றாங்க. அவங்க வெளியவே வரல. நாங்க பார்க்கவே இல்லை. அந்த பையன் கேட்ட கக்ளோஸ் பண்ணி இருக்கணும். அவன் வந்து கக்ளோஸ் பண்ணல."
0297.wav,"இடிச்சதுக்கு அப்புறம் கூட வந்து வெளியே வரல அப்படின்னல்லாம் சொல்றாங்க. இப்ப அந்த பையனோட இது, நம்ம எல்லாமே எதுவுமே நம்மளுக்கு தெரியாது கரெக்டா, நம்ம யாருமே அத போய் நின்னு பாக்கல. பட் இவ்வளவு வெர்ஷன்ஸ் வரப்போ, எனக்கு என்ன தோணுதுன்னா, இது கம்ப்ளீட்டா தவிர்த்துருக்கப்பட்டிருக்கக்கூடிய ஒரு விஷயம் கரெக்டா?"
0298.wav,"நம்ம இன்னைக்கு இருபத்து இருபத்து ஐந்துல ஆர்டிபிஷயல் இன்டெலிஜன்ஸ்ஏ வச்சு, நம்மளுக்கு வந்து என்ன தோணுதோ, மனசுல என்ன இருக்கோ, அதெல்லாம் நம்ம வந்து ஒரு ஏஐ கிட்ட பேசி வாழ்ந்துட்டு இருக்கக்கூடிய காலகட்டத்துல, ஹியூமன் எரர்னால, மனிதர்களின் தவறுகளனால, மூணு பசங்க இறந்து போனத, என்னன்னு சொல்லி அவங்க அப்பா அம்மா கிட்ட எக்ஸ்பிளைன் பண்ணுறது, அவங்க இத்தனை வருஷம் வாழ்ந்ததுக்கு, அவங்களுக்கு எத்தனை கனவுகள் இருந்திருக்கும்."
0299.wav,"அவங்க வாழ்க்கையில இவ்வளவு அச்சீவ் பண்ணும்னு நினைச்சிருப்பாங்க. அவங்க கிட்டயே நம்ம என்னென்ன சொல்லி, நம்ம சொல்றது, எனக்கு இத காலையில இருந்து கேக்குறப்ப, எனக்கு ரொம்ப, இதுக்கு யாரு காரணம், யாரு காரணம்னு, எனக்கு அதுதான் தோணுச்சு."
0300.wav,"யார் இதெல்லாம் தப்புன்னு பாத்தீங்கன்னா, கடைசில அன்னியன் படத்துல வர மாதிரி, இவங்க தப்பு, அவங்க தப்பு, இவங்க தப்பு அப்படின்னு சொல்லிட்டு, ஒரு லிஸ்ட்ட பெருசா போட்டுக்கிட்டே போயிட்டு இருக்கணும்னு தோணுது. எங்கெல்லாமோ போய் முடியுது. அண்ட் ஒரு விஷயம்ங்க, நான் வந்து கண்டிப்பா இந்த வீடியோல சொல்லணும்னு நினைக்கிறது."
0301.wav,"நான் பர்சனலா கவனிச்சிருக்கேன். நிறைய நேரங்கள்ல, நம்ம கேட் வந்து போட்டுருக்கப்போ, கேட் போட்டுருப்பாங்க. ஓகேவா, கேட் போட்டுருப்பாங்க. இத நான் எல்லாருக்கும் சேர்த்து பேசுறேன். கேட் போட்டுருப்பாங்க."
0302.wav,"பட் நம்ம ஆட்கள் இருந்துகிட்டு, ஒரு பைக்க வந்து தள்ளிக்கிட்டே போவாங்க. ஒரு சைக்கிள வேகவே வேகமா தள்ளிட்டு போவாங்க. எனக்கு புரியுது, நீங்க அந்த ஊர்காரங்கதான், நீங்க ரொம்ப நாள் இருந்திருப்பீங்க. உங்களுக்கு தெரியும், எப்போ ட்ரெயின் வரும்னு, பட் யார் எதிர்பார்க்காங்க, இப்படி ஒரு விஷயம் நடக்கும்னு."
0303.wav,"ஒரு சீக்குவன்ஸ் ஆப் எரர்ஸ் வந்து நடந்ததுனாலதான இது நடந்திருக்குது. சோ, நம்மளோட சைடுல இருந்து ஒரு சின்ன சின்ன ரெக்வஸ்ட். நெக்ஸ்ட் டைம், ஒரு கேட் போட்டுருக்கறத நீங்க பார்த்தீங்கன்னால், சீ, கேட்ட வந்து ஏன் போடலங்கறது ஒரு பெரிய டிஸ்கஷன்."
0304.wav,"அத நம்ம சொன்ன மாதிரி கரெக்டா வந்து, அது ஏகப்பட்ட கமிட்டி வச்சு தேடி கண்டுபிடிச்சு, ஒரு பதில் கிடைக்கும். அதைதான் இப்போ ரயில்வே டிபார்ட்மென்ட்டம் பண்ணிருக்காங்க."
0305.wav,"நம்ம அப்படி அவசரப்பட்டு போறது இல்லை, ஏன்னா எதுவுமே நம்ம கையில இல்லை. லிட்ரலா வந்து, நம்ம ஒரு எலக்ட்ரிசிட்டி மேல நடந்து போகற மாதிரி ஒரு விஷயம். நீங்க ட்ரெயின் வருமா வராதான்னு, கேட் போட்டதுக்கு அப்புறம் போறது. தயவு செஞ்சு அதை பண்ணாதீங்க."
0306.wav,"இன்னொரு விஷயம், ஸ்கூல்ஸ், காலேஜஸ், அப்புறம் வந்து, ஈவன் வித் பிரண்ட்ஸ், ஒருவேளை யாராவது ஆப்போசிட்ல இருக்கறவங்க பிஸியா இருக்காங்கனால், வர்துக்கு ஒரு பத்து நிமிஷம் லேட் ஆயிடுச்சுன்னா, பறக்காதீங்க."
0307.wav,"மோஸ்ட் ஆப் தி டைம், இப்படி ஆப்போசிட்ல இருக்கறவங்க, என்ன பறப்பாங்கன்னு யோசிச்சு, வேகமா போகணும்ங்கிற ஆர்வ கோளாற்ல, போய் அடிபட்டு இறந்து போயிருக்கவும் வாய்ப்பு இருக்குது."
0308.wav,"இப்ப அவங்க ஏன் லேட்டா இருக்குன்னு, அவங்க யோசிக்கிறாங்கன்னு பாத்தீங்கன்னா, ஆப்போசிட்ல இருக்கறவங்க, மோஸ்ட், அவங்க போகக்கூடிய ஆபீஸ்லயோ, இல்ல, போய் பேசக்கூடிய பர்சனோ, இல்ல, போய் பேசக்கூடிய ஸ்கூலோ, காலேஜோ, வந்து ஏன் லேட் ஆகட்டும், அஞ்சு நிமிஷம் லேட் ஆகிட்டு, வெளிய நில்லு, அது எல்லாத்தையும் பிரஷர் பண்ணாம, கொஞ்சம் கிவ் அண்ட் டேக் சொசைட்டில இருந்தா, நிறைய பிரச்சனைகள், இந்த அறக்க பறக்க போய் இடிக்கிற பிரச்சனைகள் எல்லாம் தவிர்க்கப்படலாம்ங்கறத யோசிக்கிறப்போதான், மனசு ரொம்ப கஷ்டமா இருக்குது."
0309.wav,"தவிர்த்திருக்கப்பட வேண்டிய விஷயம், இத ஒரு லெசனா எடுத்துக்கிட்டு, நம்மளோட லைஃப்ல எங்கெங்க அப்ளை பண்ண முடியுமோ, கொஞ்சம் பொறுமையா, நிதானமா, நம்ம எல்லாருமே செயல்படுவோம்ங்கிற ஒரு ப்ராமிஸ் எடுத்துப்போம். எனக்கு என்ன சொல்றதுன்னு தெரியலைங்க."
0310.wav,"அவங்க அப்பா அம்மாவ நினைச்சாதான், என் கண்ணுக்குள்ளயே நிக்கிறாங்க. அதாவது, சில வீடியோஸ் வேற பார்த்தேன், அவங்க கதறி அழுகுறதெல்லாம் பார்த்தா, மனசு உடையுது. கடவுள் அவங்களுக்கு இன்னும் நிறைய ஸ்ட்ரென்த் கொடுக்கணும்னு வேண்டிட்டு, ஏன்னா, என்ன வேற என்ன பண்றது, இதுல இருந்து வெளிய வந்துருங்கன்னு சொன்னா, வர முடியுமா?"
0311.wav,"இந்தியன் பாரஸ்ட் அபிஷியல்ஸ் ஒரு ப்ரொடெக்டடான காட்டு பகுதிக்குள்ள, அதாவது ரொம்பவுமே ஆபத்தான மிருகங்கள் இருக்குது."
0312.wav,"அந்த மாதிரி ஒரு விஷயம் உள்ளுக்குள்ள இருந்தது. இந்த மாதிரி ஏதாவது சாமியா இருந்திருப்பாங்க அப்படின்னு தானே யோசிக்கிறீங்க. நோ திருடன், நோ. உள்ள இருக்கிறது ஒரு ரஷ்யன் வுமன்."
0313.wav,"நாற்பது வயசான நினா குட்டினா அப்படின்னு சொல்லப்படக்கூடிய இந்த ரஷ்யன் விமன், தனியா இந்த காட்டுக்குள்ள இருக்கிறது மட்டும் இல்லாம, அவங்களோட ரெண்டு குழந்தைங்க."
0314.wav,"சுத்தமா இங்க இருக்கறது பாதுகாப்பே கிடையாது. பாரஸ்ட் அபிஷியல்ஸே உள்ளுக்குள்ள போகறதுக்கு பயப்படக்கூடிய ஒரு காட்டுக்குள்ள, இந்த பெண் என்ன பண்ணிட்டு இருந்தாங்க?"
0315.wav,"சப்ஸ்கிரைப் பண்ணிட்டீங்களா, அப்பனாதான் யூட்யூப் உங்ககிட்ட நெக்ஸ்ட் டைம் இந்த கண்டென்ட் கரெக்டா வந்து சேர்க்கும். இப்ப நான் உங்ககிட்ட ஒவ்வொன்னா எக்ஸ்பிளைன் பண்ண ஆரம்பிக்கிறேன்."
0316.wav,"பர்ஸ்ட் விஷயம் என்ன அப்படின்னு பார்த்தீங்கன்னா, நான் என்ன நடக்குதுங்கறத சொல்ல ஆரம்பிச்சிறேன்."
0317.wav,ஒரு மிகப்பெரிய சிவன் வந்து கடல் கிட்ட வந்து உட்கார்ந்து இருக்கிற மாதிரி ஒரு பேமஸான ஒரு போட்டோ கூட நம்ம நிறைய இடத்துல பார்த்திருப்போம். இதுதான் கோகர்ணா. கோவா கிட்ட இருக்குது.
0318.wav,"ராவணன் வந்து இங்க பயங்கரமா தியானம் இருந்ததாகவும், அண்ட் சிவனை வந்து இங்கதான் ராவணன் பார்த்தாங்க அப்படிங்கிற ஒரு நம்பிக்கை இருக்குது."
0319.wav,"பாரஸ்ட் அபிஷியல்ஸ் வந்துறாங்க. எல்லாருமே வந்து அலர்ட் பண்ணி, முதல்ல இவங்க கிட்ட கேக்குறாங்க. யார் நீங்க? யார் நீங்கன்னு கேட்ட உடனே, ஃபைனலி அங்க இருந்து குரல் வருது."
0320.wav,"நீங்க எல்லாருமே கைண்ட்னஸோட, சுதந்திரத்தோட, சந்தோஷமா இருக்கணும்னு."
0321.wav,"இப்ப, அதோட சீசன்ல மட்டும் தான் அது வந்துட்டு போகுது."
0322.wav,"இவங்க மனிதர்களோட வாழ்றதை விடன்னு, அந்த பெண் சொல்றாங்க."
0323.wav,"இந்தியன் பாரஸ்ட் அபிஷியல்ஸ் ஒரு ப்ரொடெக்டடான காட்டு பகுதிக்குள்ள, அதாவது ரொம்பவுமே ஆபத்தான மிருகங்கள் இருக்குது."
0324.wav,"அந்த மாதிரி ஒரு விஷயம் உள்ளுக்குள்ள இருந்தது. இந்த மாதிரி ஏதாவது சாமியா இருந்திருப்பாங்க அப்படின்னு தானே யோசிக்கிறீங்க. நோ திருடன், நோ. உள்ள இருக்கிறது ஒரு ரஷ்யன் வுமன்."
0325.wav,"நாற்பது வயசான நினா குட்டினா அப்படின்னு சொல்லப்படக்கூடிய இந்த ரஷ்யன் விமன், தனியா இந்த காட்டுக்குள்ள இருக்கிறது மட்டும் இல்லாம, அவங்களோட ரெண்டு குழந்தைங்க."
0326.wav,"சுத்தமா இங்க இருக்கறது பாதுகாப்பே கிடையாது. பாரஸ்ட் அபிஷியல்ஸே உள்ளுக்குள்ள போகறதுக்கு பயப்படக்கூடிய ஒரு காட்டுக்குள்ள, இந்த பெண் என்ன பண்ணிட்டு இருந்தாங்க?"
0327.wav,"சப்ஸ்கிரைப் பண்ணிட்டீங்களா, அப்பனாதான் யூட்யூப் உங்ககிட்ட நெக்ஸ்ட் டைம் இந்த கண்டென்ட் கரெக்டா வந்து சேர்க்கும். இப்ப நான் உங்ககிட்ட ஒவ்வொன்னா எக்ஸ்பிளைன் பண்ண ஆரம்பிக்கிறேன்."
0328.wav,"பர்ஸ்ட் விஷயம் என்ன அப்படின்னு பார்த்தீங்கன்னா, நான் என்ன நடக்குதுங்கறத சொல்ல ஆரம்பிச்சிறேன்."
0329.wav,ஒரு மிகப்பெரிய சிவன் வந்து கடல் கிட்ட வந்து உட்கார்ந்து இருக்கிற மாதிரி ஒரு பேமஸான ஒரு போட்டோ கூட நம்ம நிறைய இடத்துல பார்த்திருப்போம். இதுதான் கோகர்ணா. கோவா கிட்ட இருக்குது.
0330.wav,"ராவணன் வந்து இங்க பயங்கரமா தியானம் இருந்ததாகவும், அண்ட் சிவனை வந்து இங்கதான் ராவணன் பார்த்தாங்க அப்படிங்கிற ஒரு நம்பிக்கை இருக்குது."
